"uuid","Q1_6_Select_community","Calc_Flour","Calc_White_Rice","Calc_Yellow_Bulgur","Calc_Yellow_Pasta","Calc_Dried_beige_chickpeas","Calc_Brown_lentils","Calc_Dried_red_lentils","Calc_Dried_white_beans","Calc_Tomato_paste","Calc_Olive_oil","Calc_Vegetable_oil","Calc_Iodized_salt","Calc_white_sugar","Calc_Canned_tuna_fish","Calc_Canned_chickpeas_Hummus","Calc_Canned_chicken_Mortadella","Calc_Canned_vegetables","Calc_Dried_thyme_Zaatar","Calc_Dates","Calc_Yoghurt","Calc_Loose_leaf_tea","Calc_Eggs","Calc_Cheese","Calc_Banana","Calc_Apples","Calc_Red_tomatoes","Calc_Raw_carrots","Calc_Raw_Lemon","Calc_Cucumber","Calc_Cauliflower","Calc_Spinach","Calc_Potatoes","Calc_Cabbage","Calc_Zucchini","Calc_Raw_Sweet_Green_Peppers","Calc_Eggplants_Aubergine","Calc_Onion","Calc_Garlic","Calc_Parsley"
"5178d0dd-cdb1-4760-b7d1-de82595746df","C3871",NA,2620,NA,NA,NA,3144,4192,NA,7336,NA,7729,NA,4454,NA,NA,1441,NA,NA,7598,NA,NA,NA,NA,NA,NA,NA,NA,NA,NA,NA,NA,NA,NA,NA,NA,NA,NA,NA,NA
"874fd749-39b1-481f-a465-666d8e42df89","C3947",2620,4192,3930,4585,3144,4585,4585,7074,9170,14410,8122,262,4454,4454,2620,1965,NA,5240,9170,0,39300,15720,15720,NA,NA,NA,NA,NA,NA,NA,NA,NA,NA,NA,NA,NA,NA,NA,NA
"268d3224-534c-42b8-a4b9-ee0f9adc79fb","C3947",NA,3930,3406,4585,NA,NA,4585,NA,9170,NA,7860,786,4454,4454,1834,1703,1965,5895,NA,2620,41920,15720,NA,NA,NA,NA,NA,NA,NA,NA,NA,NA,NA,NA,NA,NA,NA,NA,NA
"eca1b30f-e43e-439b-a687-58d5533af54b","C3947",2620,3799,NA,3930,NA,3537,4323,4192,7860,NA,8122,524,4454,4454,1572,1834,NA,4716,NA,NA,41920,15720,NA,NA,NA,NA,NA,NA,NA,NA,NA,NA,NA,NA,NA,NA,NA,NA,NA
"22b6a3fc-d4db-4661-b593-ccd71b10aea2","C3947",NA,NA,NA,NA,NA,NA,NA,NA,NA,NA,NA,NA,NA,NA,NA,NA,NA,NA,NA,NA,NA,NA,NA,NA,NA,1965,NA,2620,1310,786,1310,2489,1310,917,1572,917,1703,2620,393
"f140f281-f9cc-4903-9784-30ad411e9d19","C4121",3144,3930,3930,4585,NA,4454,5240,5764,6550,NA,7860,262,4454,5240,1310,1310,NA,6550,7860,NA,NA,NA,NA,NA,NA,NA,NA,NA,NA,NA,NA,NA,NA,NA,NA,NA,NA,NA,NA
"ae0c419b-493b-4e05-86d9-850bfc164b64","C4121",2620,3930,3406,3406,NA,7336,4716,NA,NA,NA,8384,NA,4454,NA,NA,NA,NA,NA,NA,NA,NA,NA,NA,NA,NA,NA,NA,NA,NA,NA,NA,NA,NA,NA,NA,NA,NA,NA,NA
"9d83b4e1-43c1-4a1e-b0a3-9101fa74a030","C3947",2620,3930,3930,4270.6,3930,6550,4847,6550,9170,13100,7860,NA,4454,4192,2096,1834,NA,4978,9170,2724.8,43230,262,15720,NA,NA,NA,NA,NA,NA,NA,NA,NA,NA,NA,NA,NA,NA,NA,NA
"4c940fad-1dae-4051-a8eb-0cc1fe6cbd36","C4121",3275,3930,3930,NA,NA,5240,5240,NA,8724.6,NA,7860,262,4454,NA,NA,NA,NA,NA,NA,NA,NA,NA,NA,NA,NA,NA,NA,NA,NA,NA,NA,NA,NA,NA,NA,NA,NA,NA,NA
"1ba6c0af-e59b-4975-af32-7171d16a757b","C4121",2882,4192,3406,4585,4454,7074,4454,7074,NA,NA,NA,NA,4519.5,NA,NA,NA,NA,NA,NA,NA,NA,NA,NA,NA,NA,NA,NA,NA,NA,NA,NA,NA,NA,NA,NA,NA,NA,NA,NA
"055d2a8e-c5f8-4561-b9cd-7b41ea649b36","C4121",2620,3799,NA,NA,3930,2882,4192,3930,NA,NA,NA,NA,4454,NA,NA,NA,NA,6026,NA,NA,NA,NA,NA,NA,NA,NA,NA,NA,NA,NA,NA,NA,NA,NA,NA,NA,NA,NA,NA
"a12324a6-e537-49ca-a82d-06fcc512dff0","C4121",3144,3930,3406,NA,5240,6550,5240,7860,7860,NA,NA,262,4454,NA,NA,NA,NA,5240,NA,NA,NA,NA,NA,NA,NA,NA,NA,NA,NA,NA,NA,NA,NA,NA,NA,NA,NA,NA,NA
"02df006a-32bc-416e-93ab-a621793d3098","C3871",3144,4454,3406,3144,4192,7336,NA,NA,NA,NA,8384,NA,4585,NA,NA,NA,NA,NA,NA,NA,NA,13100,NA,NA,NA,NA,NA,NA,NA,NA,NA,NA,NA,NA,NA,NA,NA,NA,NA
"9465add1-2836-4651-8c82-4db06dbaabb4","C3871",NA,3930,3144,NA,NA,6550,5240,NA,NA,NA,9694,NA,4716,NA,NA,2096,NA,NA,NA,NA,NA,NA,NA,NA,NA,NA,NA,NA,NA,NA,NA,NA,NA,NA,NA,NA,NA,NA,NA
"f7c793af-c119-474b-8c79-8805893c6594","C3871",NA,3930,3406,NA,NA,6812,5764,NA,4087.2,NA,10480,157.2,4716,NA,NA,NA,NA,NA,NA,NA,36680,NA,NA,NA,NA,NA,NA,NA,NA,NA,NA,NA,NA,NA,NA,NA,NA,NA,NA
"6f12cac5-d93b-4c6e-b85f-82693a94937a","C3871",NA,NA,NA,NA,NA,NA,NA,NA,NA,NA,NA,NA,NA,NA,NA,NA,NA,NA,NA,NA,NA,NA,NA,3930,2358,2882,NA,NA,2096,NA,NA,2358,NA,1572,NA,1310,NA,NA,NA
"af065a56-388a-4c79-b7d5-d076fda79162","C3871",NA,3930,3406,NA,2096,6550,5764,NA,3930,NA,10480,NA,4716,3668,NA,2096,NA,NA,NA,NA,36680,NA,NA,NA,NA,NA,NA,NA,NA,NA,NA,NA,NA,NA,NA,NA,NA,NA,NA
"868ee14d-6576-46df-91fb-d8e53e2f9ca9","C3871",NA,NA,NA,NA,NA,NA,NA,NA,NA,NA,NA,NA,NA,NA,NA,NA,NA,NA,NA,NA,NA,NA,NA,4192,2620,2882,NA,NA,2096,NA,NA,2620,NA,1572,NA,1310,1048,NA,786
"20b17482-77a3-484e-b098-539826631455","C3871",3668,3537,3668,3275,5109,6943,4978,NA,7336,11790,7860,NA,NA,NA,NA,NA,NA,NA,NA,NA,39300,NA,NA,NA,NA,NA,NA,NA,NA,NA,NA,NA,NA,NA,NA,NA,NA,NA,NA
"0d72c822-cdf4-4fde-a1ee-b6fd29117f25","C3947",2620,3144,3406,3930,3930,7860,4585,4716,17030,14148,8384,262,4454,2358,1834,1834,NA,4978,8646,NA,41920,13100,NA,NA,NA,NA,NA,NA,NA,NA,NA,NA,NA,NA,NA,NA,NA,NA,NA
"25605ae9-647e-4417-90eb-b1d5ad65efe8","C3947",2358,3668,2882,3144,3668,3275,4454,5240,7860,14934,7860,262,4192,2358,1572,1834,NA,4192,5240,3144,44540,13100,15720,NA,NA,NA,NA,NA,NA,NA,NA,NA,NA,NA,NA,NA,NA,NA,NA
"8be9bfdc-6ee1-48d3-94f0-23f5ec9e5ead","C3947",2358,3537,3406,3406,7336,6550,4192,3930,7860,14410,7860,262,4454,2161.5,2620,1834,3144,4585,5240,NA,39300,12052,NA,NA,NA,NA,NA,NA,NA,NA,NA,NA,NA,NA,NA,NA,NA,NA,NA
"5cbd3bc9-2843-4198-b36e-39efdbdbfc3d","C3947",2620,3668,3144,3144,3668,3406,3930,3668,7336,13886,7860,196.5,4323,2358,2096,1572,1310,3930,6550,NA,39300,13100,14410,NA,NA,NA,NA,NA,NA,NA,NA,NA,NA,NA,NA,NA,NA,NA,NA
"4fc44153-af9d-469a-9655-a0d30a153bb6","C3947",2489,3406,2882,4716,3930,3668,4192,3930,7074,11790,7860,393,4454,2096,1572,1310,1310,3930,6550,NA,39300,12314,NA,NA,NA,NA,NA,NA,NA,NA,NA,NA,NA,NA,NA,NA,NA,NA,NA
"932ae2dc-7cce-4fee-9be1-c5f6b4b9c1d8","C4126",2882,3668,3144,NA,NA,7336,5240,NA,8646,15720,NA,NA,4454,4454,NA,NA,NA,NA,NA,NA,NA,13100,NA,NA,NA,NA,NA,NA,NA,NA,NA,NA,NA,NA,NA,NA,NA,NA,NA
"92d588c8-fa72-4501-93b6-91407b2ff7cd","C4126",NA,4192,3406,NA,NA,NA,4716,NA,NA,NA,8122,NA,4454,NA,NA,NA,NA,4454,NA,3406,NA,NA,17030,NA,NA,NA,NA,NA,NA,NA,NA,NA,NA,NA,NA,NA,NA,NA,NA
"cc2678ae-a22e-44c4-a883-8815338aa3c4","C4126",NA,3930,3668,4585,4192,7336,4978,7336,8384,NA,8384,524,4454,4454,NA,2358,NA,5240,NA,3144,43230,13100,NA,NA,NA,NA,NA,NA,NA,NA,NA,NA,NA,NA,NA,NA,NA,NA,NA
"a8bf3d14-92de-40f7-a3b5-daadf58df35e","C4126",NA,NA,NA,NA,NA,NA,NA,NA,NA,NA,NA,NA,NA,NA,NA,NA,NA,NA,NA,NA,NA,NA,NA,5240,2358,2358,2620,3930,2620,1310,1834,2620,1310,1179,2620,917,1965,3144,393
"18c2a06a-b8c1-4c77-9cb2-56d5dfa694d2","C4126",2620,3930,2882,3930,5240,7336,5764,7860,7860,15720,7860,786,4585,4323,NA,1834,NA,NA,NA,NA,41920,13100,NA,NA,NA,NA,NA,NA,NA,NA,NA,NA,NA,NA,NA,NA,NA,NA,NA
"d1b47551-57d2-4f4d-8f96-f455917d8da6","C4140",2620,3799,2882,3144,4192,3144,4192,6550,7336,15720,7860,393,4323,3930,1572,1310,NA,NA,7336,3144,40610,12576,22270,NA,NA,NA,NA,NA,NA,NA,NA,NA,NA,NA,NA,NA,NA,NA,NA
"6e7c62c6-aef6-4fc6-943a-6b0e64141bfa","C4140",NA,3930,3406,NA,NA,NA,NA,6550,9170,NA,7860,393,4454,NA,1703,2358,NA,NA,NA,NA,39300,13100,NA,NA,NA,NA,NA,NA,NA,NA,NA,NA,NA,NA,NA,NA,NA,NA,NA
"3c0258a5-e3f7-443a-a38a-a1663867f7f1","C4140",NA,3930,NA,NA,NA,NA,NA,6550,NA,NA,7860,NA,4454,4454,1703,1703,NA,NA,NA,3144,NA,13100,NA,NA,NA,NA,NA,NA,NA,NA,NA,NA,NA,NA,NA,NA,NA,NA,NA
"1fa2646d-d037-4622-853f-d8ac782d8e2b","C4140",2882,3930,NA,3930,NA,NA,4716,6550,9170,NA,7860,NA,4454,NA,1703,1310,NA,NA,NA,NA,NA,13100,NA,NA,NA,NA,NA,NA,NA,NA,NA,NA,NA,NA,NA,NA,NA,NA,NA
"b4afc549-5ad0-43bb-b033-d15c7e05da80","C4140",3144,3930,3406,3930,5240,7860,4454,5240,9170,14410,7860,393,4454,3930,1572,2358,1310,NA,9170,2882,39300,13100,23580,NA,NA,NA,NA,NA,NA,NA,NA,NA,NA,NA,NA,NA,NA,NA,NA
"61b0c7af-9157-4ac6-83ac-d27d7627ca0d","C4140",NA,NA,NA,NA,NA,NA,NA,NA,NA,NA,NA,NA,NA,NA,NA,NA,NA,NA,NA,NA,NA,NA,NA,5240,1834,2096,NA,NA,NA,NA,NA,2620,NA,1048,1834,917,1834,NA,NA
"47f291d4-3089-4093-afb4-219612496794","C4140",2096,2227,2620,NA,NA,NA,NA,NA,NA,13100,7336,NA,4454,NA,NA,NA,NA,NA,7336,2882,23580,NA,NA,NA,NA,NA,NA,NA,NA,NA,NA,NA,NA,NA,NA,NA,NA,NA,NA
"9049eee8-7ab0-478c-83dd-b70be751246c","C4140",2620,NA,NA,NA,4454,NA,4454,NA,NA,14410,NA,NA,4454,NA,NA,NA,NA,4323,7860,2882,NA,12576,23580,NA,NA,NA,NA,NA,NA,NA,NA,NA,NA,NA,NA,NA,NA,NA,NA
"cd6fc0c9-56a1-42f1-8803-45e61f4ef2fe","C4140",NA,3930,3930,NA,NA,6550,4454,NA,NA,14410,7598,NA,4454,NA,NA,NA,NA,NA,NA,NA,NA,NA,NA,NA,NA,NA,NA,NA,NA,NA,NA,NA,NA,NA,NA,NA,NA,NA,NA
"a4e06548-b005-484c-a728-d4432cee92b5","C4140",NA,2358,3144,NA,NA,NA,NA,NA,NA,NA,8122,NA,4454,NA,NA,NA,NA,NA,7860,2620,NA,13100,24890,NA,NA,NA,NA,NA,NA,NA,NA,NA,NA,NA,NA,NA,NA,NA,NA
"f9bca084-af69-46fe-a8b0-a0bd934f4146","C4140",NA,NA,NA,NA,NA,NA,NA,NA,NA,NA,NA,NA,NA,NA,NA,NA,NA,NA,NA,NA,NA,NA,NA,NA,NA,1048,NA,3144,NA,NA,1310,2620,1048,NA,NA,NA,1572,NA,262
"67c92247-0fa9-44d7-8e62-57f86baedeb3","C4140",NA,3930,3537,3930,4323,7205,4585,6943,NA,15982,NA,NA,NA,NA,NA,NA,NA,NA,NA,NA,NA,NA,NA,NA,NA,NA,NA,NA,NA,NA,NA,NA,NA,NA,NA,NA,NA,NA,NA
"b5b90613-52c7-4444-b5e5-b8820bcca6f5","C4140",NA,NA,NA,NA,NA,NA,NA,NA,NA,NA,NA,NA,NA,NA,NA,NA,NA,NA,NA,NA,NA,NA,NA,5240,1834,1834,NA,3144,2620,1572,NA,2620,NA,655,NA,NA,NA,NA,NA
"432ce3f9-9d40-497e-8d3a-a407899bb5e9","C4126",2882,3930,3275,3930,3930,NA,4585,3930,9170,NA,7860,1310,4454,4323,1572,1441,NA,3144,NA,3406,30130,12576,15720,5240,1965,2096,NA,2620,2096,NA,NA,2882,786,NA,2096,917,1834,2620,393
"050d03fd-1829-4054-abba-49bfa3b0f782","C4126",NA,3406,3668,3144,3144,3406,3144,5502,7860,NA,7598,1310,4454,4192,1310,1310,NA,2358,3668,NA,NA,12445,NA,NA,NA,NA,NA,NA,NA,NA,NA,NA,NA,NA,NA,NA,NA,NA,NA
"c3860636-f837-4fc0-8b39-da704996ec4a","C4126",2620,3930,3537,3668,4847,3406,4716,7336,7860,15720,7860,NA,4585,3930,1834,1310,3930,4585,NA,3144,34060,13100,15720,NA,NA,NA,NA,NA,NA,NA,NA,NA,NA,NA,NA,NA,NA,NA,NA
"0f456926-0140-4020-bec3-57035d06c78c","C3871",NA,4192,3144,NA,NA,3799,3930,NA,7336,NA,7860,NA,4454,NA,NA,NA,NA,NA,NA,NA,NA,12576,NA,NA,NA,NA,NA,NA,NA,NA,NA,NA,NA,NA,NA,NA,NA,NA,NA
"4fbb6f09-6f0d-4266-b754-99581b2e475a","C3871",2620,4192,4454,NA,NA,4454,4192,NA,7860,NA,7860,NA,4585,NA,NA,NA,NA,NA,NA,NA,44540,14148,NA,NA,NA,NA,NA,NA,NA,NA,NA,NA,NA,NA,NA,NA,NA,NA,NA
"748879dd-ea3b-4c02-a318-3b3a5af0e9c1","C3871",2751,3930,3406,NA,NA,7074,NA,NA,6812,NA,7598,NA,4454,NA,NA,NA,NA,NA,NA,NA,NA,12576,NA,NA,NA,NA,NA,NA,NA,NA,NA,NA,NA,NA,NA,NA,NA,NA,NA
"540f18ab-5229-45d4-b23d-6e635075b006","C3871",3144,3668,NA,NA,NA,NA,4847,NA,NA,NA,7336,NA,NA,NA,NA,2358,NA,NA,NA,NA,34060,12576,NA,NA,NA,NA,NA,NA,NA,NA,NA,NA,NA,NA,NA,NA,NA,NA,NA
"3739cac4-1c4a-46b6-8ec2-6a9b3508e4a0","C3871",NA,82450,48500,NA,NA,106700,NA,NA,130950,NA,130950,NA,84875,NA,NA,29100,NA,NA,NA,NA,727500,NA,NA,NA,NA,NA,NA,NA,NA,NA,NA,NA,NA,NA,NA,NA,NA,NA,NA
"38513eda-46bb-40cf-aa27-ede00246aec2","C3871",2620,2620,3275,3275,NA,3144,NA,NA,7336,14410,7860,NA,4454,NA,NA,NA,NA,NA,7860,NA,NA,12052,NA,NA,NA,NA,NA,NA,NA,NA,NA,NA,NA,NA,NA,NA,NA,NA,NA
"50f2ceb1-9fc2-4008-a247-3f063c015d85","C3871",3144,6550,3013,NA,4847,7074,NA,3930,4716,15720,9170,NA,4454,2358,NA,1572,NA,NA,NA,NA,39300,NA,NA,NA,NA,NA,NA,NA,NA,NA,NA,NA,NA,NA,NA,NA,NA,NA,NA
"19bcd404-4f04-4766-84d4-6ea165f8c50d","C4126",3668,3930,4192,4454,3930,8646,5764,7860,6550,13100,8384,1310,4716,4716,1965,2489,NA,NA,NA,3406,41920,13100,15720,NA,NA,NA,NA,NA,NA,NA,NA,NA,NA,NA,NA,NA,NA,NA,NA
"1a2b2d9c-145c-483e-a1d0-78943d62e187","C4126",NA,NA,NA,NA,NA,NA,NA,NA,NA,NA,NA,NA,NA,NA,NA,NA,NA,NA,NA,NA,NA,NA,NA,4978,2227,2358,2620,3144,3144,1179,1572,2620,917,1048,1310,917,1834,5240,524
"08a30b27-bf0d-4c59-a045-dfd1e3fb2f84","C4126",2751,4454,2096,2882,4192,5502,6550,6943,9432,17816,8253,2620,4716,4192,1703,1703,2227,4978,11528,3406,45850,13100,17030,NA,NA,NA,NA,NA,NA,NA,NA,NA,NA,NA,NA,NA,NA,NA,NA
"19e4488a-ec7e-45e5-ae64-130fd86d4fa5","C4126",3144,3930,3668,4192,2620,5502,8384,7860,10480,17030,8384,1310,4454,4192,1965,2882,3144,5240,10480,3144,39300,12576,17030,NA,NA,NA,NA,NA,NA,NA,NA,NA,NA,NA,NA,NA,NA,NA,NA
"ead30a09-3d4d-49a4-a573-3eecbd62790a","C4121",NA,NA,NA,NA,NA,NA,NA,NA,NA,NA,NA,NA,NA,NA,NA,NA,NA,NA,NA,NA,NA,NA,NA,NA,2096,2227,NA,2882,NA,NA,NA,2358,NA,1048,2096,786,1834,NA,524
"ee1ff7d2-7ad0-4c47-9987-cec742c311e9","C4121",2620,3406,3406,3668,3930,7598,5240,5240,6812,14410,7860,995.6,4454,4323,1572,1572,NA,5240,7860,3275,32750,12838,17030,4978,2620,2096,2620,3144,2620,1048,1310,2358,1048,1048,2096,786,1703,NA,524
"7ae684bc-49d7-4373-96d8-ca3f43e5e595","C4121",2620,3406,3406,3668,NA,6288,4716,7467,7860,17030,8384,1048,4585,2489,1572,1572,1703,6288,9170,3406,31440,13624,15720,NA,NA,NA,NA,NA,NA,NA,NA,NA,NA,NA,NA,NA,NA,NA,NA
"20db10eb-b5e0-496f-be9f-8d95185c57e6","C4121",NA,NA,NA,NA,NA,NA,NA,NA,NA,NA,NA,NA,NA,NA,NA,NA,NA,NA,NA,NA,NA,NA,NA,5240,2227,1703,2227,2227,2227,1310,1310,2620,1048,917,1572,655,1703,2096,393
"0d659845-4a9c-4ddd-b285-9938ff8d0767","C4121",3144,3668,3144,NA,1310,5240,4192,NA,7074,NA,NA,196.5,4323,NA,NA,NA,NA,NA,7860,NA,NA,NA,NA,NA,NA,NA,NA,NA,NA,NA,NA,NA,NA,NA,NA,NA,NA,NA,NA
"eef741df-1bb6-4b5d-8d11-374298e22adf","C4121",2882,3799,3406,NA,NA,3930,NA,NA,9170,NA,NA,NA,NA,NA,NA,NA,NA,NA,NA,NA,40610,13886,NA,NA,NA,NA,NA,NA,NA,NA,NA,NA,NA,NA,NA,NA,NA,NA,NA
"0268580a-8260-4a60-b43a-128c9ce74d4e","C4121",NA,3930,3144,NA,3799,6026,NA,4716,NA,NA,NA,262,4716,NA,NA,NA,NA,NA,NA,2882,NA,14148,NA,NA,NA,NA,NA,NA,NA,NA,NA,NA,NA,NA,NA,NA,NA,NA,NA
"fc6b8a6a-8f4e-48bd-aef2-1b39bef12419","C4121",NA,NA,NA,NA,NA,NA,NA,NA,NA,NA,NA,NA,NA,NA,NA,NA,NA,NA,NA,NA,NA,NA,NA,5240,2620,2620,2620,3930,2620,1965,NA,3406,NA,1310,NA,1048,1834,3144,NA
"96ab4271-b987-4105-ad95-38c372ed46c3","C4126",NA,4061,NA,NA,NA,NA,4454,7860,NA,NA,9956,917,4716,NA,NA,2358,NA,NA,NA,NA,45850,13100,NA,NA,2620,2620,NA,NA,NA,NA,NA,3144,NA,NA,NA,NA,1834,NA,NA
"f32dd011-fead-48ff-86c7-4047f0603a95","C4126",2620,3930,3144,3930,NA,NA,5240,NA,7336,17030,8646,NA,4454,4454,NA,2358,NA,5240,NA,NA,43230,13100,15720,NA,NA,NA,NA,NA,NA,NA,NA,NA,NA,NA,NA,NA,NA,NA,NA
"2a2d0d77-3352-4d13-9127-3a6530de7729","C4126",NA,NA,NA,NA,NA,NA,NA,NA,NA,NA,NA,NA,NA,NA,NA,NA,NA,NA,NA,NA,NA,NA,NA,4978,1834,1965,1703,2620,2620,1572,1179,2489,1048,1048,2096,917,1834,3930,393
"e354bfa7-76f3-4cc5-a362-2f340b301e22","C4126",2620,3799,3144,3930,4192,3406,4454,7074,7074,15720,7860,524,4454,3406,1703,1310,1703,5240,NA,NA,NA,NA,NA,NA,NA,NA,NA,NA,NA,NA,NA,NA,NA,NA,NA,NA,NA,NA,NA
"170bb747-b936-4c64-adc1-fb6dcabd3a2d","C4126",NA,NA,NA,NA,NA,NA,NA,NA,NA,NA,NA,NA,NA,NA,NA,NA,NA,NA,NA,NA,NA,NA,NA,4716,1965,2358,2096,2620,3144,1048,1048,2620,1048,917,2096,786,1834,2620,393
"129157bf-0b41-48e3-900f-0aa10cd74220","C4126",2620,3668,3406,3930,4454,6550,4454,6550,7336,15720,7860,NA,4454,3930,NA,2358,NA,5240,7860,NA,41920,13100,NA,NA,NA,NA,NA,NA,NA,NA,NA,NA,NA,NA,NA,NA,NA,NA,NA
"61179b8c-f481-45f7-92e7-db383306842e","C4126",NA,4192,3668,3668,NA,7074,4978,NA,NA,15720,8384,NA,4454,4716,NA,2096,NA,NA,NA,NA,31440,13100,15720,NA,NA,NA,NA,NA,NA,NA,NA,NA,NA,NA,NA,NA,NA,NA,NA
"ea361d74-b55a-485a-9bce-49a4b29eaf55","C3947",NA,3930,NA,3406,NA,7860,6550,6550,9170,NA,8908,524,4454,3903.8,1834,1572,NA,4585,NA,NA,36680,13755,NA,NA,NA,NA,NA,NA,NA,NA,NA,NA,NA,NA,NA,NA,NA,NA,NA
"7a0f047d-5c79-40a4-9832-da0ff626bf3a","C3947",2620,3930,3406,3144,NA,7074,4454,NA,NA,14410,7336,524,4585,3668,1834,1834,NA,4585,NA,3144,41920,15720,NA,NA,NA,NA,NA,NA,NA,NA,NA,NA,NA,NA,NA,NA,NA,NA,NA
"1de78746-6b93-47ff-8021-268ca8743368","C3947",2620,3930,3406,3668,3930,3930,4454,6550,9170,15720,8384,524,4585,3432.2,1834,1834,NA,5240,5240,2882,45850,15720,NA,NA,NA,2096,NA,2620,NA,917,NA,2620,917,NA,1310,786,1834,2620,524
"9860ee37-8bce-4a5d-9b09-6ace6a5449a1","C3947",3013,5240,3668,5240,NA,7336,4978,7336,8122,15720,8384,524,4585,4585,1572,1834,NA,4978,8122,3537,43230,13755,NA,NA,NA,NA,NA,NA,NA,NA,NA,NA,NA,NA,NA,NA,NA,NA,NA
"c392db2c-46c4-47f4-93ee-f55dca3adfd5","C3947",3144,3930,NA,NA,NA,7598,4454,NA,7860,NA,7860,786,4454,4585,1703,1965,NA,4454,8122,3406,44540,13755,15720,NA,NA,NA,NA,NA,NA,NA,NA,NA,NA,NA,NA,NA,NA,NA,NA
"b961d1f8-5346-4962-a2a8-6910ecc93d82","C3947",NA,NA,NA,NA,NA,NA,NA,NA,NA,NA,NA,NA,NA,NA,NA,NA,NA,NA,NA,NA,NA,NA,NA,NA,1965,2096,NA,2620,2620,1048,1048,2358,917,NA,1310,917,1572,NA,524
"bd6c31ea-632e-4a99-82f6-e6fdf7e1793a","C3947",3275,3930,3144,3406,NA,NA,NA,7074,NA,14410,7860,393,4716,2620,1572,1572,NA,5240,NA,3144,39300,13100,NA,5240,1965,2620,1834,3930,2620,NA,1834,2882,NA,NA,NA,917,NA,NA,393
"29b03b10-15d6-4419-b34e-c4f211d98434","C3947",NA,NA,NA,NA,NA,NA,NA,NA,NA,NA,NA,NA,NA,NA,NA,NA,NA,NA,NA,NA,NA,NA,NA,3930,2096,1965,1834,3406,2620,NA,NA,2620,1310,917,2096,917,1572,2620,524
"7c9159fd-aa00-4e70-87c3-59069885d5ff","C3947",3144,3668,3668,3144,4192,6026,4716,5764,4716,13100,7336,131,4192,2358,786,1834,NA,4585,7860,3144,43230,11790,13100,NA,NA,NA,NA,NA,NA,NA,NA,NA,NA,NA,NA,NA,NA,NA,NA
"16bb1990-0a05-4ad2-aeb3-5f78dd3072cc","C3947",3144,3668,3668,3144,3930,6026,4716,6026,5764,13100,7336,131,4454,2358,786,2620,NA,4585,7860,3144,41920,10480,13100,NA,NA,NA,NA,NA,NA,NA,NA,NA,NA,NA,NA,NA,NA,NA,NA
"5e042331-1a06-4331-bd56-f9212ecf1a90","C3947",2358,3406,3144,3406,4454,6812,4454,5240,7860,12576,7860,196.5,4323,2227,1310,1310,NA,4192,6550,3144,39300,11790,13100,NA,NA,NA,NA,NA,NA,NA,NA,NA,NA,NA,NA,NA,NA,NA,NA
"11615b70-62b1-4350-9355-c632aea25074","C3947",NA,NA,NA,NA,NA,NA,NA,NA,NA,NA,NA,NA,NA,NA,NA,NA,NA,NA,NA,NA,NA,NA,NA,5240,2620,2096,2096,2620,2620,1572,1572,2620,1048,1048,1834,786,1703,2620,262
"75f9f674-db03-4dc1-93a4-2cc801e893f4","C3871",NA,3930,3406,NA,NA,7074,6288,NA,3930,NA,9694,NA,4716,3930,NA,2096,NA,NA,NA,NA,NA,NA,NA,NA,NA,NA,NA,NA,NA,NA,NA,NA,NA,NA,NA,NA,NA,NA,NA
"cbb284cf-c7d5-4016-9857-0ce858672440","C3871",NA,3930,3406,NA,NA,NA,NA,NA,4192,NA,9432,209.6,4716,NA,NA,2096,NA,NA,NA,NA,NA,NA,NA,NA,NA,NA,NA,NA,NA,NA,NA,NA,NA,NA,NA,NA,NA,NA,NA
"b84844ee-2b41-42f1-b1a5-1402a90d7674","C3871",NA,3930,3144,NA,NA,6550,NA,3668,3930,NA,6812,NA,4716,NA,NA,NA,NA,NA,NA,NA,NA,NA,NA,NA,NA,NA,NA,NA,NA,NA,NA,NA,NA,NA,NA,NA,NA,NA,NA
"d0eba73d-9a47-4f06-ac59-3e88975bd16b","C3871",NA,3930,3406,NA,3144,6550,NA,NA,3930,NA,9432,NA,4716,NA,NA,2096,NA,NA,NA,NA,NA,NA,NA,NA,NA,NA,NA,NA,NA,NA,NA,NA,NA,NA,NA,NA,NA,NA,NA
"8e3ebe40-ccc1-48f3-87a3-f4dbddcc4c2d","C3871",NA,3930,3144,NA,NA,6550,NA,3668,3930,NA,9694,262,4716,3668,NA,2096,NA,NA,NA,NA,NA,NA,NA,NA,NA,NA,NA,NA,NA,NA,NA,NA,NA,NA,NA,NA,NA,NA,NA
"5c4a28a9-503e-42bf-81fc-792b8ff01c49","C4140",2358,2358,3144,3144,3930,6288,4454,NA,NA,NA,NA,NA,NA,NA,NA,NA,NA,NA,NA,NA,NA,NA,NA,NA,NA,NA,NA,NA,NA,NA,NA,NA,NA,NA,NA,NA,NA,NA,NA
"926731d1-13f9-44ae-889a-8a1ec2f64708","C4140",3144,3668,3144,NA,NA,7860,NA,7336,7860,13100,8384,NA,4323,NA,NA,NA,NA,NA,NA,NA,32750,NA,NA,NA,NA,NA,NA,NA,NA,NA,NA,NA,NA,NA,NA,NA,NA,NA,NA
"4133575a-d75e-4c21-a603-2601d825c501","C4140",2358,3930,3144,3668,NA,NA,NA,NA,NA,NA,NA,524,4454,2620,NA,NA,NA,4716,NA,NA,20960,NA,NA,NA,NA,NA,NA,NA,NA,NA,NA,NA,NA,NA,NA,NA,NA,NA,NA
"af8e9ff7-eb9f-4e8f-90e2-90243ce4634e","C4140",2620,3668,NA,NA,NA,NA,3930,NA,NA,NA,7860,NA,4454,3406,1703,NA,NA,NA,NA,NA,NA,NA,NA,NA,NA,NA,NA,NA,NA,NA,NA,NA,NA,NA,NA,NA,NA,NA,NA
"8767b293-623e-48fc-841b-69545246ab79","C4140",NA,3668,3406,NA,NA,7336,4454,6550,7336,15720,8122,NA,4454,NA,NA,1310,NA,3930,5240,2620,NA,NA,NA,NA,NA,NA,NA,NA,NA,NA,NA,NA,NA,NA,NA,NA,NA,NA,NA
"7e947b94-d614-4d53-b8a7-543f426d84e8","C4140",NA,NA,NA,NA,NA,NA,NA,NA,NA,NA,NA,NA,NA,NA,NA,NA,NA,NA,NA,NA,NA,NA,NA,NA,NA,2096,2358,3144,2620,NA,NA,2620,NA,1048,NA,786,1834,NA,NA
"7eaa78b6-4cb3-42bb-b990-9d7454b733b9","C4140",3144,3799,3406,1703,4585,NA,NA,6812,8384,12314,8122,NA,4454,4323,NA,1310,NA,NA,7336,3144,31440,13100,NA,NA,NA,NA,NA,NA,NA,NA,NA,NA,NA,NA,NA,NA,NA,NA,NA
"e56e30a8-841c-4acb-88f0-b7711193b93e","C4140",2620,3668,3275,1834,4454,3930,NA,7336,7860,NA,8122,458.5,4454,4716,2096,2620,NA,NA,NA,NA,43230,13886,NA,NA,NA,NA,NA,NA,NA,NA,NA,NA,NA,NA,NA,NA,NA,NA,NA
"192698e2-f67d-4d9d-9792-39cc4e942ea8","C4121",3144,4192,3930,4454,5240,7860,NA,7860,9170,14410,9170,NA,4716,NA,NA,2620,NA,NA,NA,NA,47160,14410,NA,NA,NA,NA,NA,NA,NA,NA,NA,NA,NA,NA,NA,NA,NA,NA,NA
"61bda3de-9735-481d-b8b9-90ae7f64d099","C4140",2882,3668,3144,NA,5240,NA,NA,3668,8384,15720,8646,393,4585,NA,NA,2620,NA,NA,NA,3144,36680,13100,NA,NA,NA,NA,NA,NA,NA,NA,NA,NA,NA,NA,NA,NA,NA,NA,NA
"471819ab-8e24-4a6e-80a9-d922d54bf095","C4140",NA,NA,NA,NA,NA,NA,NA,NA,NA,NA,NA,NA,NA,NA,NA,NA,NA,NA,NA,NA,NA,NA,NA,4716,2096,2096,NA,2620,2358,NA,NA,2358,917,917,NA,917,1572,3144,393
"0bd0516e-ff00-421f-9b4b-a133209a2a83","C4140",2620,3799,NA,NA,4061,NA,4192,4323,7074,14148,7860,301.3,4375.4,2882,1703,1310,NA,NA,7074,NA,39300,12576,NA,NA,NA,NA,NA,NA,NA,NA,NA,NA,NA,NA,NA,NA,NA,NA,NA
"87a5e5e4-7121-465e-8b4c-c7ff035f1005","C3871",50925,67900,58200,NA,48500,NA,80025,NA,145500,NA,145500,NA,NA,NA,NA,NA,NA,NA,NA,NA,630500,NA,NA,NA,NA,NA,NA,NA,NA,NA,NA,NA,NA,NA,NA,NA,NA,NA,NA
"a9b3766c-a9d7-455f-bb39-ed2b2ea78b81","C3871",NA,NA,NA,NA,NA,NA,NA,NA,NA,NA,NA,NA,NA,NA,NA,NA,NA,NA,NA,NA,NA,NA,NA,NA,1834,2096,2227,NA,NA,1310,NA,2620,NA,1048,NA,917,1572,NA,NA
"382b8ab8-d9d0-4035-a638-a813cc328a4d","C3871",NA,NA,NA,NA,NA,NA,NA,NA,NA,NA,NA,NA,NA,NA,NA,NA,NA,NA,NA,NA,NA,NA,NA,5240,1834,2620,NA,NA,NA,NA,1441,2620,NA,1310,NA,1048,NA,NA,NA
"24c9d1f1-cc3e-4e99-a394-8d1a89c7fd4c","C3871",2620,4192,3668,NA,5240,7074,NA,7074,7860,15720,7860,393,4454,2620,3144,NA,NA,NA,9170,NA,43230,13100,NA,NA,NA,NA,NA,NA,NA,NA,NA,NA,NA,NA,NA,NA,NA,NA,NA
"0740128f-2138-4b97-bd61-a32dfbcba595","C4126",3144,3668,3930,7860,4716,5240,4716,6550,NA,NA,8384,1179,4454,4716,1572,1572,2096,4454,NA,3406,45850,13100,17030,NA,NA,NA,NA,NA,NA,NA,NA,NA,NA,NA,NA,NA,NA,NA,NA
"e592c437-9acd-4b26-852b-353b32ca16be","C4126",NA,NA,NA,NA,NA,NA,NA,NA,NA,NA,NA,NA,NA,NA,NA,NA,NA,NA,NA,NA,NA,NA,NA,4716,1965,2096,2096,3406,3406,1572,1179,2620,917,1310,2096,917,1965,2882,393
"8f92db18-ea97-4f27-b434-145b1dfc9d10","C4126",3406,3668,3930,7860,5240,4978,5764,6550,8646,17030,8646,1572,4716,4716,1572,1572,1572,4192,NA,3406,45850,13100,17030,NA,NA,NA,NA,NA,NA,NA,NA,NA,NA,NA,NA,NA,NA,NA,NA
"cd2a8533-3926-4b24-9b3b-6f269d3a64fd","C3871",NA,NA,NA,NA,NA,NA,NA,NA,NA,NA,NA,NA,NA,NA,NA,NA,NA,NA,NA,NA,NA,NA,NA,4978,2358,2620,NA,NA,NA,1834,1703,2489,NA,1441,NA,1310,1834,NA,NA
"97d853e4-1d23-4e8a-ab7c-c13fe49a7ca3","C4126",NA,4192,NA,NA,NA,NA,NA,NA,NA,NA,8384,NA,4454,4454,1834,1834,NA,NA,NA,3406,NA,13624,NA,NA,NA,NA,NA,NA,NA,NA,NA,NA,NA,NA,NA,NA,NA,NA,NA
"91489e30-3802-4dc5-a9c9-3779d4c2dc87","C4126",2882,3930,3406,3930,NA,3930,4716,6550,7860,15720,7860,524,4454,4454,1834,2358,1572,5240,NA,NA,43230,13624,NA,NA,NA,NA,NA,NA,NA,NA,NA,NA,NA,NA,NA,NA,NA,NA,NA
"09e7e9b4-271c-4c2b-a592-95193bfeb6a2","C4126",NA,NA,NA,NA,NA,NA,NA,NA,NA,NA,NA,NA,NA,NA,NA,NA,NA,NA,NA,NA,NA,NA,NA,5240,2096,2096,1834,3144,3144,1048,1310,2620,1048,786,2358,786,1572,2620,262
"bf753fcf-cf76-4f8f-8ffc-2f8a9ede21a3","C4126",2620,3930,3406,3275,4454,3668,4454,NA,7860,15720,8122,393,4454,4454,NA,1834,NA,5240,7860,NA,43230,NA,NA,NA,NA,NA,NA,NA,NA,NA,NA,NA,NA,NA,NA,NA,NA,NA,NA
"7fcb8895-5fcb-4b5e-8201-751702852d5d","C4121",2882,NA,3668,NA,NA,4192,4716,NA,8200.6,NA,8384,262,4716,NA,NA,NA,NA,4716,NA,3406,34060,13886,NA,NA,NA,NA,NA,NA,NA,NA,NA,NA,NA,NA,NA,NA,NA,NA,NA
"dfc88d99-2056-4c9a-a64b-cc6f26f55179","C4121",NA,NA,NA,NA,NA,NA,NA,NA,NA,NA,NA,NA,NA,NA,NA,NA,NA,NA,NA,NA,NA,NA,NA,NA,1965,2227,NA,3144,NA,1703,1310,2882,1572,1048,1834,917,2096,NA,524
"0748cf57-0b07-4320-b0dc-e40a2f82a17b","C4121",2620,4192,4192,NA,3930,6812,4192,4192,6890.6,NA,8122,262,4716,NA,NA,NA,NA,NA,NA,3144,NA,13100,NA,NA,NA,NA,NA,NA,NA,NA,NA,NA,NA,NA,NA,NA,NA,NA,NA
"2d65867f-7ba1-4dbc-8bec-55151b2bd7c0","C4121",3144,3930,4192,4716,NA,7336,5764,8384,8855.6,17030,7860,655,4716,3117.8,2096,2096,2096,5240,7860,3144,40610,13100,15720,NA,NA,NA,NA,NA,NA,NA,NA,NA,NA,NA,NA,NA,NA,NA,NA
"f4c5491c-7db7-4f1b-b480-69425c7ffc4c","C4121",NA,3668,3668,4585,NA,5764,4454,NA,NA,NA,NA,262,4585,NA,NA,1572,NA,3406,NA,NA,NA,13100,NA,NA,NA,NA,NA,NA,NA,NA,NA,NA,NA,NA,NA,NA,NA,NA,NA
"648c6cc9-bb45-4cc9-ba20-ec686ce02f5a","C4140",2279.4,3668,2620,NA,3930,2882,NA,3930,5502,14148,7860,NA,4427.8,3930,1244.5,1310,NA,NA,3930,NA,41920,12838,NA,NA,NA,NA,NA,NA,NA,NA,NA,NA,NA,NA,NA,NA,NA,NA,NA
"1f25c82a-24cd-4c2e-af19-63fe396eec4e","C4140",NA,NA,NA,NA,NA,NA,NA,NA,NA,NA,NA,NA,NA,NA,NA,NA,NA,NA,NA,NA,NA,NA,NA,5240,2620,2358,NA,NA,3144,NA,NA,2620,917,1048,NA,786,1703,NA,524
"a6fd305d-9ea5-4598-8a0f-e91af94d4a24","C4140",3144,3930,NA,NA,NA,NA,NA,NA,NA,14672,8122,393,4454,3930,NA,2358,NA,NA,NA,NA,41920,13100,NA,NA,NA,NA,NA,NA,NA,NA,NA,NA,NA,NA,NA,NA,NA,NA,NA
"14d222e5-c4bf-490c-b7f0-d1fc7f67b684","C4121",2620,3799,3668,NA,NA,NA,NA,6550,7860,14410,8122,524,4454,NA,NA,NA,NA,NA,7860,3144,39300,12576,NA,NA,NA,NA,NA,NA,NA,NA,NA,NA,NA,NA,NA,NA,NA,NA,NA
"95e387dc-7c8e-404b-b4f4-3d2e4317fc4c","C4140",NA,3930,NA,NA,NA,NA,NA,NA,NA,14934,8122,524,4454,3930,1834,2620,NA,NA,NA,3144,41920,13100,NA,NA,NA,NA,NA,NA,NA,NA,NA,NA,NA,NA,NA,NA,NA,NA,NA
"565882f1-c375-42d9-987c-4b068a0aa842","C3947",NA,NA,NA,NA,NA,NA,NA,NA,NA,NA,NA,NA,NA,NA,NA,NA,NA,NA,NA,NA,NA,NA,NA,3930,1965,2358,1965,2620,1703,1310,1310,2620,1310,1048,1965,917,1703,1310,393
"5f482256-7af8-49d7-badd-1249efa5e07a","C3947",2358,3930,3144,3668,3930,3144,4454,3930,7860,15720,7860,262,4454,2358,1572,1703,1572,4585,7860,NA,41920,13100,NA,NA,NA,NA,NA,NA,NA,NA,NA,NA,NA,NA,NA,NA,NA,NA,NA
"5db5e57d-9dd8-4286-a0a6-074699366704","C3947",2882,3930,3930,4192,4454,3930,4061,4454,7860,14410,7860,262,4454,2358,1572,1310,1703,4978,7860,NA,31440,13100,NA,NA,NA,NA,NA,NA,NA,NA,NA,NA,NA,NA,NA,NA,NA,NA,NA
"e180587a-f714-4227-a359-6e62cdaa5e19","C3947",2227,3537,2620,3144,3930,2947.5,4978,4978,7860,NA,7860,NA,4454,2292.5,1572,1179,1572,3930,4454,NA,36680,NA,NA,NA,NA,NA,NA,NA,NA,NA,NA,NA,NA,NA,NA,NA,NA,NA,NA
"691db500-d893-42bb-b3e6-c42954d93729","C3947",2620,3930,3406,3668,NA,7074,4454,7074,7860,14148,7860,235.8,4349.2,2358,NA,1703,3144,4978,8384,2620,43230,12576,NA,NA,NA,NA,NA,NA,NA,NA,NA,NA,NA,NA,NA,NA,NA,NA,NA
"6d0543d4-8809-43f1-bdb4-15af3b16c372","C3947",3144,4192,3930,4192,NA,7860,4716,6550,8646,15720,7860,393,4454,4139.6,1834,1834,NA,3930,7860,3144,41920,13755,NA,NA,NA,NA,NA,NA,NA,NA,NA,NA,NA,NA,NA,NA,NA,NA,NA
"5540840d-48d2-4eb6-b65e-3d08585eec9c","C3947",3275,3930,3406,3930,NA,9170,4454,6812,9694,NA,8122,NA,4585,NA,NA,1310,NA,NA,NA,NA,43230,13100,NA,NA,NA,NA,NA,NA,NA,NA,NA,NA,NA,NA,NA,NA,NA,NA,NA
"4f9f405b-f36d-4010-bfea-3211656047f9","C3947",3930,3930,3668,3930,3144,6550,6550,6550,7860,15720,7860,393,4454,3668,1703,1703,NA,5895,9170,3144,45850,15720,15720,NA,NA,NA,NA,NA,NA,NA,NA,NA,NA,NA,NA,NA,NA,NA,NA
"e064683a-ed8f-499e-85fb-8ff12a0202a4","C3947",NA,3930,4192,4192,NA,3930,5240,NA,7205,NA,7860,NA,4454,3222.6,2096,1310,NA,4585,NA,3144,41920,15720,NA,NA,NA,NA,NA,NA,NA,NA,NA,NA,NA,NA,NA,NA,NA,NA,NA
"12d32966-2e64-43e0-bf0f-5bf4a3ac2516","C3947",NA,NA,NA,NA,NA,NA,NA,NA,NA,NA,NA,NA,NA,NA,NA,NA,NA,NA,NA,NA,NA,NA,NA,5240,2096,2620,NA,3275,3144,NA,NA,2620,NA,1048,1310,1310,1572,2620,NA
"9f2aee44-4a5d-4077-8899-7b9d475fd408","C4140",2620,3799,NA,NA,NA,NA,NA,NA,NA,14934,NA,NA,NA,3668,NA,1310,NA,NA,NA,NA,31440,NA,23056,NA,NA,NA,NA,NA,NA,NA,NA,NA,NA,NA,NA,NA,NA,NA,NA
"bea9ebbd-9257-474e-8cc7-4168824e604f","C4140",NA,NA,NA,NA,NA,NA,NA,NA,NA,NA,NA,NA,NA,NA,NA,NA,NA,NA,NA,NA,NA,NA,NA,NA,1310,1965,NA,2620,NA,1048,NA,2227,524,NA,NA,524,1310,NA,NA
"24f58e0c-e14a-4e34-a4b3-da7f38050ec2","C4140",NA,3668,3013,NA,NA,7336,4716,8646,7860,13100,7598,262,4323,3930,NA,1310,NA,NA,NA,NA,NA,NA,NA,NA,NA,NA,NA,NA,NA,NA,NA,NA,NA,NA,NA,NA,NA,NA,NA
"43c98522-603d-47d4-9df7-e4b59b9801aa","C4140",2489,3668,3406,3537,4716,7598,4323,6288,7336,15720,8122,917,4401.6,2947.5,1703,1572,1572,4716,9170,2882,27772,13100,15720,5109,2096,2227,2096,2567.6,2567.6,1257.6,1441,2489,1048,1048,1572,786,1703,2358,262
"6fed1d6a-137f-466a-a770-49216de96108","C4140",2620,3930,3668,3406,NA,NA,NA,NA,NA,14410,8122,NA,4454,NA,NA,NA,NA,NA,NA,NA,NA,NA,NA,NA,NA,NA,NA,NA,NA,NA,NA,NA,NA,NA,NA,NA,NA,NA,NA
"d36f3cca-dc4f-488d-b4ee-2fb4e8c3ed4c","C4140",2620,3930,3930,3668,NA,7336,4192,NA,9170,14410,8122,NA,4585,NA,NA,NA,NA,NA,NA,NA,44540,NA,NA,NA,NA,NA,NA,NA,NA,NA,NA,NA,NA,NA,NA,NA,NA,NA,NA
"5d997085-ebb5-4011-b970-d453ab256ae0","C4140",NA,NA,NA,NA,NA,NA,NA,NA,NA,NA,NA,NA,NA,NA,NA,NA,NA,NA,NA,NA,NA,NA,NA,NA,1703,2096,NA,NA,NA,NA,NA,2489,917,1048,NA,655,1965,NA,NA
"48bbd490-1893-4c33-958e-8d7e2f27a271","C3871",NA,3930,3406,NA,3144,6288,5240,NA,NA,11790,NA,NA,4716,NA,NA,NA,NA,NA,NA,NA,NA,NA,NA,NA,NA,NA,NA,NA,NA,NA,NA,NA,NA,NA,NA,NA,NA,NA,NA
"f4333d3e-13e4-4687-a7a8-6e52591ca151","C3871",NA,4192,3668,NA,NA,6550,NA,3668,4192,NA,9956,NA,4716,NA,NA,2096,NA,NA,NA,NA,NA,NA,NA,NA,NA,NA,NA,NA,NA,NA,NA,NA,NA,NA,NA,NA,NA,NA,NA
"53cf0c4c-941a-4282-87ae-5856cc1f521b","C3871",NA,5240,NA,NA,NA,6288,NA,NA,3930,NA,9956,NA,4716,3668,NA,2096,NA,6026,NA,NA,36680,NA,NA,NA,NA,NA,NA,NA,NA,NA,NA,NA,NA,NA,NA,NA,NA,NA,NA
"619cd15b-2da7-44ad-ab15-352fe27501bd","C3871",NA,4192,3406,NA,NA,NA,4978,3668,3930,NA,NA,NA,4716,NA,NA,NA,NA,NA,NA,NA,37990,NA,NA,NA,NA,NA,NA,NA,NA,NA,NA,NA,NA,NA,NA,NA,NA,NA,NA
"ad289e80-ab95-41e0-b6e4-cfee5fa9afe3","C3871",NA,4192,NA,NA,NA,6550,NA,NA,4192,NA,NA,NA,4716,3668,NA,2358,NA,NA,NA,NA,36680,NA,NA,NA,NA,NA,NA,NA,NA,NA,NA,NA,NA,NA,NA,NA,NA,NA,NA
"419df77e-a43c-4a75-a200-00c3a142cbde","C4121",NA,NA,NA,NA,NA,NA,NA,NA,NA,NA,NA,NA,NA,NA,NA,NA,NA,NA,NA,NA,NA,NA,NA,5240,2358,2358,2096,3144,2882,1572,1310,2358,1048,1048,2096,917,1572,3144,524
"f20d70cc-ecff-49df-8d6e-156f99896fce","C4121",3013,3799,3406,4270.6,4323,7860,4716,7074,7545.6,15458,8515,786,4454,3930,1572,1441,NA,4978,4978,3537,28820,11790,17816,NA,NA,NA,NA,NA,NA,NA,NA,NA,NA,NA,NA,NA,NA,NA,NA
"6f8b1c7b-afe8-4df4-afee-79b81e694d16","C4121",NA,NA,NA,NA,NA,NA,NA,NA,NA,NA,NA,NA,NA,NA,NA,NA,NA,NA,NA,NA,NA,NA,NA,5240,1834,2620,2620,3275,2882,1310,1310,2620,786,1310,1834,917,1834,3930,524
"b84d44a1-6a8f-42cb-9871-540a62e0be53","C4121",2620,3930,3668,4716,NA,6550,4716,NA,9694,17030,7729,786,4454,3668,1965,1310,NA,6288,7860,3144,31440,13362,19650,NA,NA,NA,NA,NA,NA,NA,NA,NA,NA,NA,NA,NA,NA,NA,NA
"32ff4c8c-d255-4e31-9a61-0627c2c446d9","C4126",2882,3537,3406,3668,4192,6681,3930,6550,7860,13100,7860,1179,4454,3406,1441,1310,1179,4716,7860,3406,40610,13100,17030,NA,NA,NA,NA,NA,NA,NA,NA,NA,NA,NA,NA,NA,NA,NA,NA
"3c28b1e5-72e1-48f9-8aac-8df67582f5e8","C4126",3013,3406,3275,3275,3930,7336,4847,6943,7598,13624,8384,1310,4454,3930,1703,1572,1572,6157,9694,3144,37990,14410,17030,NA,NA,NA,NA,NA,NA,NA,NA,NA,NA,NA,NA,NA,NA,NA,NA
"f84f9346-b180-4ece-8168-889312db2791","C4126",2882,3930,3930,3144,5240,7336,4847,7860,8646,15720,8122,1048,4585,4454,1834,2358,1834,6288,8646,3144,41920,13100,17030,NA,NA,NA,NA,NA,NA,NA,NA,NA,NA,NA,NA,NA,NA,NA,NA
"886f56ac-da71-41a4-a979-28d74664705f","C4121",NA,NA,NA,NA,NA,NA,NA,NA,NA,NA,NA,NA,NA,NA,NA,NA,NA,NA,NA,NA,NA,NA,NA,4978,2620,2620,2358,3406,3144,1834,1965,3144,1310,1048,2620,1048,1834,5240,524
"ef643eb4-53f4-44a2-b92d-13dfd9e90fb0","C4121",2358,3668,3406,NA,3930,2882,4192,5764,7074,14410,7860,196.5,4454,3537,NA,NA,NA,4454,7336,NA,28820,12838,NA,NA,NA,NA,NA,NA,NA,NA,NA,NA,NA,NA,NA,NA,NA,NA,NA
"3f2b9515-613b-4fd1-ab0a-afef714b8ebe","C4121",2620,3930,3406,NA,3930,6550,4192,NA,7860,14410,7860,196.5,4454,4192,NA,NA,NA,5240,NA,3144,39300,13100,NA,NA,NA,NA,NA,NA,NA,NA,NA,NA,NA,NA,NA,NA,NA,NA,NA
"f8ddbe6a-ee5a-4f8f-bb0b-eb5b388a7427","C4121",2620,4192,3275,NA,4192,3406,4716,NA,7545.6,17030,7860,196.5,4585,4585,NA,1834,NA,6419,NA,3275,44540,13362,NA,NA,NA,NA,NA,NA,NA,NA,NA,NA,NA,NA,NA,NA,NA,NA,NA
"6ab409d3-a62a-4b9a-88b1-f1d30659c6c0","C4126",NA,NA,NA,NA,NA,NA,NA,NA,NA,NA,NA,NA,NA,NA,NA,NA,NA,NA,NA,NA,NA,NA,NA,5240,1834,2096,2358,3406,NA,1048,1572,2620,1048,1048,2096,786,1965,3144,393
"60410c87-e260-4cbb-b569-9da7c72502b3","C4126",NA,NA,NA,NA,NA,NA,NA,NA,NA,NA,NA,NA,NA,NA,NA,NA,NA,NA,NA,NA,NA,NA,NA,5240,2096,2358,2620,3406,3144,1310,1572,2620,1048,1048,2096,1048,1834,3406,393
"d7a1ba61-22bd-4d8e-b351-00d5ce8558f8","C4126",3144,3930,3144,3930,NA,4716,4716,NA,NA,15720,7860,NA,4716,4454,NA,2358,NA,NA,NA,3406,43230,13624,NA,NA,NA,NA,NA,NA,NA,NA,NA,NA,NA,NA,NA,NA,NA,NA,NA
"d4d1786b-9014-4aae-bf9a-c3880d9e0c8c","C4126",2620,40348,3406,3668,NA,7336,4716,6550,7860,15720,8384,NA,4454,4454,NA,1834,NA,6288,7860,3406,43230,13624,14410,NA,NA,NA,NA,NA,NA,NA,NA,NA,NA,NA,NA,NA,NA,NA,NA
"810b96db-3b19-4c2c-965a-883dd39b8c5c","C4126",NA,NA,NA,NA,NA,NA,NA,NA,NA,NA,NA,NA,NA,NA,NA,NA,NA,NA,NA,NA,NA,NA,NA,5240,2620,2096,2096,3406,3144,1310,1572,2882,917,1310,1834,786,1834,3930,393
"f3390bf4-4d0f-4cfe-9520-f6bd952f5d9c","C4126",2620,3930,3406,3930,NA,7074,4716,NA,7860,15720,8384,524,4585,4454,NA,1834,NA,5240,7860,3406,43230,13624,15720,5240,2358,NA,NA,NA,NA,NA,NA,NA,NA,NA,2096,NA,NA,NA,393
"9509a2b2-94b4-4c82-a0c4-cb507db3df10","C3947",NA,NA,NA,NA,NA,NA,NA,NA,NA,NA,NA,NA,NA,NA,NA,NA,NA,NA,NA,NA,NA,NA,NA,NA,1834,2227,2096,2620,NA,786,NA,2620,786,1179,2096,786,1834,2620,655
"eff71fdf-9c3f-4417-8949-a0960f1125ab","C3947",NA,3930,3930,NA,NA,4192,4192,NA,7545.6,NA,7860,524,4454,NA,1310,1310,NA,NA,NA,3144,31440,13755,NA,NA,NA,NA,NA,NA,NA,NA,NA,NA,NA,NA,NA,NA,NA,NA,NA
"a96943bc-2408-440c-8371-4a58cfce8b87","C3947",NA,3930,3406,2882,NA,NA,NA,NA,7205,NA,7860,524,4585,3930,NA,1703,NA,4454,NA,3406,40610,15720,NA,NA,NA,NA,NA,NA,NA,NA,NA,NA,NA,NA,NA,NA,NA,NA,NA
"91a6039f-84b3-4034-a218-e5f8ef62552d","C3947",NA,NA,NA,NA,NA,NA,NA,NA,NA,NA,NA,NA,NA,NA,NA,NA,NA,NA,NA,NA,NA,NA,NA,NA,1834,1572,1572,2620,NA,1048,NA,2358,655,NA,786,655,NA,NA,393
"28ac0251-1174-4c28-819a-322cd20090a5","C3947",2882,3930,3668,3668,5240,7336,4716,7860,9170,15720,8646,393,4585,3772.8,1834,2358,2620,3930,8646,3537,39300,15720,15720,NA,NA,NA,NA,NA,NA,NA,NA,NA,NA,NA,NA,NA,NA,NA,NA
"82800cfa-0986-46fd-a6d2-70d0350bbcb7","C3871",2882,4061,NA,NA,NA,NA,4585,6812,8122,39300,9694,NA,4454,2358,NA,1703,NA,NA,NA,NA,41920,13100,NA,NA,NA,NA,NA,NA,NA,NA,NA,NA,NA,NA,NA,NA,NA,NA,NA
"b40e1bff-b9ac-4b23-bbca-33c384eac6c9","C3871",3406,4192,NA,NA,NA,6550,NA,NA,7860,NA,8384,NA,NA,2620,NA,1572,NA,NA,9170,NA,36680,14410,NA,NA,NA,NA,NA,NA,NA,NA,NA,NA,NA,NA,NA,NA,NA,NA,NA
"cf809ee1-1405-47a1-844b-e719f8371d55","C3871",NA,NA,NA,NA,NA,NA,NA,NA,NA,NA,NA,NA,NA,NA,NA,NA,NA,NA,NA,NA,NA,NA,NA,3930,1965,2620,NA,NA,NA,1310,1310,2358,NA,1048,NA,786,1572,NA,NA
"0bad32db-5950-4e3a-b83d-2e036b3ba881","C3871",NA,NA,NA,NA,NA,NA,NA,NA,NA,NA,NA,NA,NA,NA,NA,NA,NA,NA,NA,NA,NA,NA,NA,2358,NA,2489,1834,2882,NA,1310,1441,NA,NA,917,NA,917,NA,NA,NA
"fb46db23-3359-4962-be5c-b03115dd8a16","C3871",NA,NA,NA,NA,NA,NA,NA,NA,NA,NA,NA,NA,NA,NA,NA,NA,NA,NA,NA,NA,NA,NA,NA,4192,2620,2620,1834,2620,NA,1703,1834,2358,1048,NA,NA,1048,1703,NA,NA
"943c367b-91a9-4ca1-9f7d-2bd761811ece","C4140",3013,3930,NA,NA,NA,NA,NA,5240,9956,15196,8122,NA,4454,3406,NA,2620,NA,NA,NA,NA,43230,13100,NA,NA,NA,NA,NA,NA,NA,NA,NA,NA,NA,NA,NA,NA,NA,NA,NA
"b4af65e7-ffaf-4089-b25a-538a06aeceec","C4140",2882,3930,NA,NA,NA,NA,NA,9170,7860,15196,8122,786,4585,4716,NA,1310,NA,NA,NA,2882,31440,12576,NA,NA,NA,NA,NA,NA,NA,NA,NA,NA,NA,NA,NA,NA,NA,NA,NA
"25c24e2f-b14f-42e5-96a5-2c5752a3820e","C4140",NA,NA,NA,NA,NA,NA,NA,NA,NA,NA,NA,NA,NA,NA,NA,NA,NA,NA,NA,NA,NA,NA,NA,5240,2620,2620,NA,3930,2620,NA,NA,3406,1572,1310,NA,1048,1703,NA,524
"0a3fe601-9602-495c-97aa-6797852a5e57","C4140",3144,3799,3144,NA,NA,NA,NA,7074,8384,14410,7729,393,4585,3275,1703,1834,NA,5109,NA,2751,30130,12838,NA,NA,NA,NA,NA,NA,NA,NA,NA,NA,NA,NA,NA,NA,NA,NA,NA
"ff24ed5e-8f5e-4a39-b3ad-08e6f44e9ac0","C4140",NA,NA,NA,NA,NA,NA,NA,NA,NA,NA,NA,NA,NA,NA,NA,NA,NA,NA,NA,NA,NA,NA,NA,NA,2096,2358,NA,3406,2358,NA,NA,2620,786,NA,NA,1048,2096,NA,393
"38fabb4f-3a68-4719-aa97-1d56456c7b94","C4140",3668,3668,3144,3144,3144,5764,5764,6550,10480,17030,7860,1834,4323,4716,1834,2358,1834,3930,9170,2620,36680,13624,23580,NA,NA,NA,NA,NA,NA,NA,NA,NA,NA,NA,NA,NA,NA,NA,NA
"7cb3b1fe-9e9e-4ee3-9745-c2e25255cb3b","C4140",NA,3930,NA,1441,3275,NA,4716,NA,7860,13100,8122,NA,4716,4454,1834,2489,NA,NA,NA,2882,44278,13100,NA,NA,NA,NA,NA,NA,NA,NA,NA,NA,NA,NA,NA,NA,NA,NA,NA
"53d58177-fa47-44e4-9f06-215f59a34b9b","C4140",NA,NA,NA,NA,NA,NA,NA,NA,NA,NA,NA,NA,NA,NA,NA,NA,NA,NA,NA,NA,NA,NA,NA,NA,NA,1834,NA,NA,NA,NA,NA,2620,NA,1048,NA,655,1834,NA,262
"4321bc8b-2210-4af7-86c8-38bc53e7350e","C4140",NA,3668,NA,NA,NA,NA,NA,NA,7336,NA,7860,NA,4323,NA,1703,NA,NA,NA,NA,2358,NA,13100,23580,NA,NA,NA,NA,NA,NA,NA,NA,NA,NA,NA,NA,NA,NA,NA,NA
"9d92209b-cba4-440e-af1e-9755f0962dfe","C4140",NA,2096,NA,NA,3144,NA,3930,NA,NA,NA,7860,NA,4323,4716,1703,3930,NA,NA,NA,NA,32750,NA,NA,NA,NA,NA,NA,NA,NA,NA,NA,NA,NA,NA,NA,NA,NA,NA,NA
"dc535b78-af9a-42fa-94e8-89b2b82de890","C4140",NA,NA,NA,NA,NA,NA,NA,NA,NA,NA,NA,NA,NA,NA,NA,NA,NA,NA,NA,NA,NA,NA,NA,NA,NA,2227,NA,NA,NA,NA,1703,2620,NA,NA,NA,917,NA,4192,262
"06481e44-823a-4f11-a84f-b88860328f9e","C4140",NA,NA,NA,NA,NA,NA,NA,NA,NA,NA,NA,NA,NA,NA,NA,NA,NA,NA,NA,NA,NA,NA,NA,NA,1441,1965,NA,2096,2620,NA,NA,2358,NA,1048,NA,655,NA,NA,393
"aaf411fa-8399-4251-a424-ed9b3af515e0","C4140",NA,NA,NA,NA,NA,NA,NA,NA,NA,NA,NA,NA,NA,NA,NA,NA,NA,NA,NA,NA,NA,NA,NA,NA,NA,1441,NA,NA,1441,NA,NA,2358,NA,917,NA,917,1834,NA,262
"4f0e9cb6-9482-4452-a38b-04118860d2c4","C4140",NA,3537,NA,NA,NA,NA,4061,NA,NA,NA,NA,NA,4323,3406,NA,1310,NA,4585,6550,NA,28820,11004,NA,NA,NA,NA,NA,NA,NA,NA,NA,NA,NA,NA,NA,NA,NA,NA,NA
"8dcaf54b-9397-40cd-bc3a-82bbf1a97f77","C4140",2620,3668,3144,3406,3930,NA,NA,NA,NA,NA,8122,NA,4454,NA,NA,1310,NA,NA,NA,NA,28820,12314,NA,NA,NA,NA,NA,NA,NA,NA,NA,NA,NA,NA,NA,NA,NA,NA,NA
"c427c172-f0f3-400b-a98b-1cb8d7153929","C3871",NA,NA,NA,NA,NA,NA,NA,NA,NA,NA,NA,NA,NA,NA,NA,NA,NA,NA,NA,NA,NA,NA,NA,4192,2620,2882,NA,NA,1834,NA,NA,2620,NA,1310,NA,1048,NA,NA,NA
"88ee223a-d7c2-4b1c-891e-f62be4e6be4a","C3871",NA,4192,3406,NA,NA,NA,NA,NA,4192,NA,NA,NA,4716,NA,NA,2358,NA,NA,NA,NA,36680,NA,NA,NA,NA,NA,NA,NA,NA,NA,NA,NA,NA,NA,NA,NA,NA,NA,NA
"1b26b404-f85f-4219-b1be-e1faba9f9644","C3871",NA,4192,3668,2620,NA,6550,NA,NA,3930,NA,NA,NA,4716,NA,NA,NA,NA,NA,NA,NA,NA,NA,NA,NA,NA,NA,NA,NA,NA,NA,NA,NA,NA,NA,NA,NA,NA,NA,NA
"234eee14-72f4-4841-82cd-12815255576f","C3871",NA,NA,NA,NA,NA,NA,NA,NA,NA,NA,NA,NA,NA,NA,NA,NA,NA,NA,NA,NA,NA,NA,NA,4192,2620,2882,NA,NA,NA,NA,NA,2620,NA,1572,NA,1310,NA,NA,786
"b5e2585b-c05e-453a-8d14-f961a2b2c08c","C3871",NA,NA,NA,NA,NA,NA,NA,NA,NA,NA,NA,NA,NA,NA,NA,NA,NA,NA,NA,NA,NA,NA,NA,3930,NA,2620,NA,NA,1572,NA,NA,2620,NA,1310,2358,NA,NA,NA,NA
"21e470fa-a393-4837-b5cb-8934b30d61da","C3947",2620,3668,3275,3144,3930,6550,4454,6550,7860,14410,7860,262,4454,2227,1703,1703,1703,4585,7860,2882,37990,12576,13100,NA,NA,NA,NA,NA,NA,NA,NA,NA,NA,NA,NA,NA,NA,NA,NA
"e22c99fa-d637-41bd-b4b1-91d71a286f7c","C3947",2882,3930,3406,3406,5502,3144,4454,6550,7860,14934,7860,262,4454,2358,1572,1572,1834,NA,7860,NA,40610,12838,18340,NA,NA,NA,NA,NA,NA,NA,NA,NA,NA,NA,NA,NA,NA,NA,NA
"95bc45a5-251d-42c5-833d-e75035d3627f","C3947",NA,NA,NA,NA,NA,NA,NA,NA,NA,NA,NA,NA,NA,NA,NA,NA,NA,NA,NA,NA,NA,NA,NA,5240,23187,1572,2096,2620,3930,1310,1572,2620,1048,1572,2620,1048,1834,2620,524
"435b1b2e-08fe-4bc9-9a73-aa2102f30c48","C3947",NA,3930,3406,3930,4454,5764,4716,7860,7860,15720,7860,196.5,4454,2620,2227,2096,1310,4585,9170,2620,34060,13100,15720,NA,NA,NA,NA,NA,NA,NA,NA,NA,NA,NA,NA,NA,NA,NA,NA
"2d9daae1-4bc6-43a2-8a4f-cf759053fe61","C3947",2620,3930,3668,4192,4716,3930,4716,6550,9170,14410,7860,262,4454,2358,1834,1834,1703,4585,7860,NA,41920,13100,NA,NA,NA,NA,NA,NA,NA,NA,NA,NA,NA,NA,NA,NA,NA,NA,NA
"a7d9a36d-e73c-4660-9773-093ce97703c2","C4126",NA,NA,NA,NA,NA,NA,NA,NA,NA,NA,NA,NA,NA,NA,NA,NA,NA,NA,NA,NA,NA,NA,NA,4716,1965,2227,1834,3275,3406,1310,1572,2489,1048,1310,2096,1310,1834,2096,393
"3a7b337f-3a58-4f29-96f6-bd333fb1a6e3","C4126",3930,3668,3406,1048,4716,262,4716,5240,7860,14410,8122,1179,4454,4192,1572,1441,1572,4716,7860,3144,43230,14410,17030,NA,NA,NA,NA,NA,NA,NA,NA,NA,NA,NA,NA,NA,NA,NA,NA
"0c21ade1-8b00-4105-aa7b-48f7d6055448","C4126",3930,4192,3668,3930,4192,5240,5240,6550,8384,14410,7860,1310,4454,4454,NA,1310,NA,5240,NA,3144,41920,13100,17030,NA,NA,NA,NA,NA,NA,NA,NA,NA,NA,NA,NA,NA,NA,NA,NA
"f7d1796b-077b-4bba-9b4e-dc5ed1992265","C4121",2620,3930,3406,4585,5240,7074,4716,7336,8646,17030,8122,419.2,4454,2620,1834,1703,1834,4716,9170,3406,43230,12576,15720,NA,NA,NA,NA,NA,NA,NA,NA,NA,NA,NA,NA,NA,NA,NA,NA
"29659735-a3f8-4f48-8cc0-3d71fe327752","C4121",NA,NA,NA,NA,NA,NA,NA,NA,NA,NA,NA,NA,NA,NA,NA,NA,NA,NA,NA,NA,NA,NA,NA,5240,2358,2096,NA,3144,2882,1310,NA,2620,1310,1310,2096,917,1834,3930,393
"7d4f864e-5b16-4751-88c6-715abeed3953","C4121",2620,3930,3406,NA,NA,7074,4716,NA,7860,17030,8122,262,4454,NA,NA,NA,NA,4716,NA,3144,41920,13100,17030,4978,2358,2620,NA,3144,2882,1310,NA,2620,1310,1310,2096,786,1834,3930,393
"ec5f6a67-91d3-4a3f-a5d1-3f6754a400a8","C4121",NA,NA,NA,NA,NA,NA,NA,NA,NA,NA,NA,NA,NA,NA,NA,NA,NA,NA,NA,NA,NA,NA,NA,4978,2358,2620,NA,3144,2882,1310,1310,2620,1310,1310,2096,786,1834,3930,393
"c5829a7a-c857-4109-9bd4-a06faf4ec4a3","C4121",NA,NA,NA,NA,NA,NA,NA,NA,NA,NA,NA,NA,NA,NA,NA,NA,NA,NA,NA,NA,NA,NA,NA,NA,NA,2096,NA,2358,2882,1048,1572,2620,1048,1048,1310,917,1572,NA,262
"a438d24a-e094-4b6d-999c-2f9a9f5b0696","C4121",NA,NA,NA,NA,NA,NA,NA,NA,NA,NA,NA,NA,NA,NA,NA,NA,NA,NA,NA,NA,NA,NA,NA,4978,2096,2096,1834,2882,2358,1441,1179,2358,1179,1179,1834,1048,1441,2096,524
"5ac44b41-90a6-4ab4-a6ae-aa50cfb526ed","C4121",3144,3930,3406,4585,4192,3930,4978,6812,7336,15720,8122,262,4585,4192,NA,3144,NA,4454,7598,3144,30130,13100,NA,NA,NA,NA,NA,NA,NA,NA,NA,NA,NA,NA,NA,NA,NA,NA,NA
"b13abff2-9253-4357-ae2e-c1190b87f270","C4121",2620,3930,3406,4585,NA,NA,NA,NA,NA,15720,8122,262,4454,NA,NA,NA,NA,3537,NA,3144,NA,13100,NA,NA,NA,NA,NA,NA,NA,NA,NA,NA,NA,NA,NA,NA,NA,NA,NA
"ef87bcbd-1b3c-404f-9af1-7ad7b9c35329","C4126",2620,3930,3406,3930,NA,NA,4716,NA,7860,15720,8384,NA,4454,NA,NA,NA,NA,NA,NA,3406,44540,13624,15720,NA,NA,NA,NA,NA,NA,NA,NA,NA,NA,NA,NA,NA,NA,NA,NA
"bed94705-98c2-4a82-8ce8-2796e9d372a3","C4126",2620,3930,3406,3930,NA,7336,4716,NA,NA,17030,8122,NA,4454,4454,NA,2358,NA,NA,NA,3144,43230,13100,NA,NA,NA,NA,NA,NA,NA,NA,NA,NA,NA,NA,NA,NA,NA,NA,NA
"796e3993-4df3-4ec5-b3a1-6a4f12f65c40","C4126",NA,NA,NA,NA,NA,NA,NA,NA,NA,NA,NA,NA,NA,NA,NA,NA,NA,NA,NA,NA,NA,NA,NA,4978,2620,2620,2096,3668,3406,1310,1572,2882,1048,1048,2620,917,1834,3144,393
"ea9a38ee-da11-4e50-ad80-3ef9fcbf0f99","C4126",2620,3930,3406,3668,NA,8122,5240,NA,8646,17030,8908,1048,4454,4585,1834,1834,1834,6550,8646,3406,43230,13100,17030,NA,NA,NA,NA,NA,NA,NA,NA,NA,NA,NA,NA,NA,NA,NA,NA
"59c40230-9cc2-47fd-be12-867e3301542d","C4126",NA,NA,NA,NA,NA,NA,NA,NA,NA,NA,NA,NA,NA,NA,NA,NA,NA,NA,NA,NA,NA,NA,NA,5240,2096,2096,1965,2620,4192,1310,1310,3144,917,1179,1703,917,1965,3144,393
"645a0a25-e91f-42fe-8f10-eff7e53be58b","C4140",NA,NA,NA,NA,NA,NA,NA,NA,NA,NA,NA,NA,NA,NA,NA,NA,NA,NA,NA,NA,NA,NA,NA,NA,NA,1310,NA,2620,2620,NA,1572,2620,NA,1310,1310,786,1834,NA,524
"64b4bb86-83ca-4b21-9fda-b8aae8843391","C4140",NA,NA,NA,NA,NA,NA,NA,NA,NA,NA,NA,NA,NA,NA,NA,NA,NA,NA,NA,NA,NA,NA,NA,NA,NA,1310,NA,NA,NA,NA,NA,2358,NA,917,1310,393,1572,2096,262
"67edb1bd-2ba2-4475-ad39-b5a9d14cff84","C4140",NA,3930,NA,3406,NA,6812,NA,NA,7860,NA,NA,NA,4454,NA,NA,1310,NA,4454,NA,2620,26200,13100,NA,NA,NA,NA,NA,NA,NA,NA,NA,NA,NA,NA,NA,NA,NA,NA,NA
"7c269e74-6f30-41ee-a222-c31be860bbdb","C4140",NA,4192,NA,NA,NA,NA,4716,NA,NA,NA,8122,655,4585,NA,1572,NA,NA,NA,NA,2620,34060,12576,NA,NA,NA,NA,NA,NA,NA,NA,NA,NA,NA,NA,NA,NA,NA,NA,NA
"0d7adb79-be8b-48e3-a0c6-87304d6d46b5","C4140",NA,NA,NA,NA,NA,NA,NA,NA,NA,NA,NA,NA,NA,NA,NA,NA,NA,NA,NA,NA,NA,NA,NA,NA,NA,1572,NA,2620,1310,1048,1572,2358,786,1048,1310,655,1834,3930,393
"b4445e90-b8c7-44de-98a5-344541218be7","C3947",3406,3930,3406,3668,NA,6550,5240,6550,6550,14410,7860,786,4454,3903.8,1572,1572,NA,5240,NA,NA,39300,13755,NA,NA,NA,NA,NA,NA,NA,NA,NA,NA,NA,NA,NA,NA,NA,NA,NA
"71967f94-a117-4f54-8cb4-00dee9fd27cd","C3947",2227,3799,3013,2882,3930,6812,4192,4454,8384,13886,7860,340.6,4454,3432.2,1703,1572,1703,4585,NA,NA,44540,11790,NA,NA,NA,NA,NA,NA,NA,NA,NA,NA,NA,NA,NA,NA,NA,NA,NA
"485b081d-b255-48aa-8c1e-64679aba3c0b","C3947",NA,NA,NA,NA,NA,NA,NA,NA,NA,NA,NA,NA,NA,NA,NA,NA,NA,NA,NA,NA,NA,NA,NA,5240,2227,1834,NA,3275,NA,1048,NA,2358,786,1048,1048,786,1703,NA,524
"72761452-a729-48b4-92cd-a1cc2a2edd47","C3947",2358,3668,3406,3144,4454,6550,4716,7860,7545.6,13100,7860,524,4323,3772.8,1572,1310,NA,3930,5580.6,NA,41920,NA,NA,NA,NA,NA,NA,NA,NA,NA,NA,NA,NA,NA,NA,NA,NA,NA,NA
"f63bdfd9-a5c5-47b3-99c3-f229d9c6c574","C3947",NA,3930,NA,NA,NA,6550,NA,NA,NA,NA,8122,NA,4585,3903.8,NA,NA,NA,5240,NA,NA,44540,15720,NA,NA,NA,NA,NA,NA,NA,NA,NA,NA,NA,NA,NA,NA,NA,NA,NA
"a590512d-b0da-4373-ba90-a5e27ec4ec67","C3947",3406,3930,3406,3668,NA,6550,5240,NA,6550,NA,8384,524,4585,3903.8,NA,1834,1572,5240,4454,3144,41920,15720,NA,NA,NA,NA,NA,NA,NA,NA,NA,NA,NA,NA,NA,NA,NA,NA,NA
"2fe97bd8-a137-4f1e-838f-733cc8bf40ee","C4140",NA,3930,NA,3930,NA,NA,NA,6550,7860,13100,7860,NA,4454,3930,1572,2096,NA,NA,6550,2882,31440,13100,NA,NA,NA,NA,NA,NA,NA,NA,NA,NA,NA,NA,NA,NA,NA,NA,NA
"b071c78d-2d95-4731-a4a0-c4764585a826","C4140",NA,NA,NA,NA,NA,NA,NA,NA,NA,NA,NA,NA,NA,NA,NA,NA,NA,NA,NA,NA,NA,NA,NA,4978,2620,2620,2620,2620,3144,NA,NA,3144,1048,1310,2620,917,1834,NA,524
"88009e13-7315-43e4-8e7d-20a3a68c98eb","C4140",2882,3930,3930,3930,NA,5764,4978,7336,9170,13100,7860,786,4585,3930,1834,2096,NA,4192,4454,3144,43230,13100,23580,NA,NA,NA,NA,NA,NA,NA,NA,NA,NA,NA,NA,NA,NA,NA,NA
"1199e7eb-5c6f-411e-9d57-f1d1edfb17b0","C4140",2620,3930,3144,3406,4454,6550,6550,6550,7860,13100,7860,262,4454,3930,1572,1310,1572,5240,7860,2882,31440,12576,26200,NA,NA,NA,NA,NA,NA,NA,NA,NA,NA,NA,NA,NA,NA,NA,NA
"72cfd83d-167b-4fa5-a483-331fdf1b798c","C3871",55775,121250,67900,NA,NA,NA,87300,NA,NA,NA,155200,NA,NA,NA,31525,72750,NA,NA,NA,NA,727500,232800,NA,NA,NA,NA,NA,NA,NA,NA,NA,NA,NA,NA,NA,NA,NA,NA,NA
"8cb68509-e811-4c06-b978-b2bd60ba47d1","C3871",NA,3930,4716,NA,NA,3930,NA,NA,7336,NA,8384,NA,4716,2620,NA,1703,NA,NA,NA,NA,39300,NA,NA,NA,NA,NA,NA,NA,NA,NA,NA,NA,NA,NA,NA,NA,NA,NA,NA
"d06e36da-955a-4fee-b72c-6d3026b863f8","C3871",NA,NA,NA,NA,NA,NA,NA,NA,NA,NA,NA,NA,NA,NA,NA,NA,NA,NA,NA,NA,NA,NA,NA,2620,1834,2096,1834,2096,NA,1179,1572,2358,NA,NA,NA,1048,1703,NA,NA
"0f65cd95-2c74-4e59-9777-37cf34cf0bcf","C3871",NA,NA,NA,NA,NA,NA,NA,NA,NA,NA,NA,NA,NA,NA,NA,NA,NA,NA,NA,NA,NA,NA,NA,2751,2096,2489,NA,1965,NA,1310,1441,2620,NA,1048,NA,NA,1834,NA,393
"e6bc95dc-42db-47b8-a784-464a321825e8","C3871",2882,6157,3799,NA,NA,4454,3406,NA,NA,NA,8646,NA,4454,2489,4192,3013,NA,NA,NA,NA,38514,13100,NA,NA,NA,NA,NA,NA,NA,NA,NA,NA,NA,NA,NA,NA,NA,NA,NA
"91b00ad2-ee6b-4596-a732-49481495e5c6","C4126",NA,3930,3406,NA,NA,7074,4454,NA,8646,13100,8646,NA,4716,4454,NA,1834,NA,6026,NA,3144,44540,NA,NA,NA,NA,NA,NA,NA,NA,NA,NA,NA,NA,NA,NA,NA,NA,NA,NA
"86e2b1e1-7322-4447-8699-bbf7c8675ccb","C4126",NA,NA,NA,NA,NA,NA,NA,NA,NA,NA,NA,NA,NA,NA,NA,NA,NA,NA,NA,NA,NA,NA,NA,4978,2620,2227,NA,2620,2620,NA,NA,2096,1048,917,NA,917,1703,5240,NA
"acc94928-9d3f-4b38-85da-6b5afd803943","C4126",3484.6,3930,3930,5240,NA,7336,5240,NA,NA,13100,8384,NA,4454,4716,NA,1965,NA,NA,NA,3144,44540,13624,NA,NA,NA,NA,NA,NA,NA,NA,NA,NA,NA,NA,NA,NA,NA,NA,NA
"5e328c3c-9531-4700-9e5d-e5882504b39b","C4126",2882,3930,3406,4585,NA,4716,7336,NA,7860,15720,8384,NA,4585,NA,1834,NA,NA,NA,9170,3144,36680,13100,NA,NA,NA,NA,NA,NA,NA,NA,NA,NA,NA,NA,NA,NA,NA,NA,NA
"d1c5d47d-3cb0-4b63-98ef-761c87db43eb","C4126",NA,3930,NA,3930,4925.6,6550,4585,NA,7860,15720,8122,NA,4454,4454,NA,1834,NA,6026,6550,3144,43230,13624,NA,NA,NA,NA,NA,NA,NA,NA,NA,NA,NA,NA,NA,NA,NA,NA,NA
"f3feecc4-1af4-4743-8861-77e415612cf0","C3947",2620,3668,3668,3930,3930,3144,4454,4978,NA,NA,8384,262,4454,2358,2096,NA,1572,NA,7860,3144,34060,13100,NA,NA,NA,NA,NA,NA,NA,NA,NA,NA,NA,NA,NA,NA,NA,NA,NA
"49e4c53b-342f-4d0a-a538-092b8351fc77","C3947",2620,3930,3668,3930,3668,NA,4716,NA,NA,NA,7860,NA,4585,2358,NA,1834,NA,NA,NA,2882,32750,13100,NA,NA,NA,NA,NA,NA,NA,NA,NA,NA,NA,NA,NA,NA,NA,NA,NA
"01083562-d70d-4f04-a593-46ebc164eba0","C3947",NA,3668,2358,3930,NA,NA,3930,NA,7860,NA,7860,262,4454,2620,1834,1572,NA,5240,NA,NA,35370,13624,NA,NA,NA,NA,NA,NA,NA,NA,NA,NA,NA,NA,NA,NA,NA,NA,NA
"2db3effe-19b5-411b-917f-46792ebf84d2","C3947",NA,NA,NA,NA,NA,NA,NA,NA,NA,NA,NA,NA,NA,NA,NA,NA,NA,NA,NA,NA,NA,NA,NA,4716,2096,2358,3144,2620,3406,2227,2096,2620,2358,2096,1965,1310,1834,3144,524
"6b006a78-146c-4835-a240-bea40c28221f","C3947",NA,NA,NA,NA,NA,NA,NA,NA,NA,NA,NA,NA,NA,NA,NA,NA,NA,NA,NA,NA,NA,NA,NA,5764,2620,2096,2620,3406,4192,1703,1572,2882,1441,NA,2096,1572,1310,4192,524
"999e4c6d-a4fe-4a98-9219-9dda40489104","C3947",NA,4454,3668,4192,3930,NA,4978,NA,8384,NA,7860,262,4454,2882,1572,1834,1310,4716,8384,NA,44540,13624,NA,NA,NA,NA,NA,NA,NA,NA,NA,NA,NA,NA,NA,NA,NA,NA,NA
"1c0589aa-5748-4011-8d86-70bdfa7af778","C3871",3013,4978,3275,NA,NA,7074,4716,NA,7860,15196,7598,NA,4454,4192,NA,1441,NA,NA,NA,3144,NA,13100,15720,NA,NA,NA,NA,NA,NA,NA,NA,NA,NA,NA,NA,NA,NA,NA,NA
"d37ab59c-a80d-4ff2-a1ea-5d433032812f","C3871",NA,3930,NA,NA,NA,NA,NA,NA,NA,NA,NA,NA,NA,3930,NA,1310,NA,NA,NA,3930,34060,13100,NA,5240,2096,2620,NA,NA,NA,NA,NA,NA,NA,NA,NA,NA,NA,NA,NA
"93befe7c-2628-4453-a868-ac09eb4707fc","C3871",NA,4192,NA,NA,NA,NA,4454,NA,7598,NA,NA,NA,4454,4192,NA,1310,NA,NA,NA,3668,NA,12838,NA,NA,NA,NA,NA,NA,NA,NA,NA,NA,NA,NA,NA,NA,NA,NA,NA
"94c19da2-35ea-45b8-80d5-606d7efef495","C3871",NA,4192,NA,NA,NA,NA,4716,NA,7336,NA,7598,NA,4454,NA,NA,1310,NA,3144,NA,NA,34060,12838,NA,NA,NA,NA,NA,NA,NA,NA,NA,NA,NA,NA,NA,NA,NA,NA,NA
"b9540ed4-f080-490f-b682-9488e34a609e","C3871",NA,NA,NA,NA,NA,NA,NA,NA,NA,NA,NA,NA,NA,NA,NA,NA,NA,NA,NA,NA,NA,NA,NA,4978,2096,2620,NA,3406,NA,NA,1572,2620,NA,NA,NA,2358,NA,NA,NA
"b6a0d86b-ef45-463d-b5b4-0b0b67e5ee0e","C3871",NA,NA,NA,NA,NA,NA,NA,NA,NA,NA,NA,NA,NA,NA,NA,NA,NA,NA,NA,NA,NA,NA,NA,4978,2620,2620,NA,3930,NA,NA,1572,2620,NA,NA,NA,2620,NA,NA,NA
"bb8f7cb5-55f1-46e2-a9d2-c74c5e15c847","C3871",NA,3930,NA,NA,NA,NA,4716,NA,3930,NA,10218,NA,4716,NA,NA,2096,NA,NA,NA,NA,35370,NA,NA,NA,NA,NA,NA,NA,NA,NA,NA,NA,NA,NA,NA,NA,NA,NA,NA
"8b531d63-181c-4819-abb0-87bb3b17bc48","C3871",NA,NA,NA,NA,NA,NA,NA,NA,NA,NA,NA,NA,NA,NA,NA,NA,NA,NA,NA,NA,NA,NA,NA,4454,2882,2882,NA,NA,1834,NA,NA,2620,NA,1572,NA,1310,NA,NA,NA
"27c7cfea-07e3-4f98-888b-da150d6feb52","C3871",NA,NA,NA,NA,NA,NA,NA,NA,NA,NA,NA,NA,NA,NA,NA,NA,NA,NA,NA,NA,NA,NA,NA,4454,2882,3144,NA,NA,2096,NA,NA,2882,NA,1310,2358,1572,1834,NA,786
"6fbda84a-c824-46d1-bb53-72e93747c3fb","C3871",NA,4192,3668,NA,NA,NA,NA,NA,4192,NA,9956,NA,4716,3406,NA,2096,NA,NA,NA,NA,36680,NA,NA,NA,NA,NA,NA,NA,NA,NA,NA,NA,NA,NA,NA,NA,NA,NA,NA
"85bf8c19-c9c5-4c51-bcc5-a3d81a6fac1d","C3871",NA,NA,NA,NA,NA,NA,NA,NA,NA,NA,NA,NA,NA,NA,NA,NA,NA,NA,NA,NA,NA,NA,NA,4192,2620,2620,NA,NA,NA,NA,NA,2620,NA,1572,2620,1310,NA,NA,786
"fe9829f6-4958-4fa8-973b-0e598e1a6f24","C4126",NA,NA,NA,NA,NA,NA,NA,NA,NA,NA,NA,NA,NA,NA,NA,NA,NA,NA,NA,NA,NA,NA,NA,5240,2358,2620,1834,2620,3406,1310,1310,2620,1048,1310,2096,1048,1834,3930,262
"58c9f198-f859-4f5f-80ef-097520dc9343","C4126",2620,3668,3144,3930,NA,6550,4716,6550,7860,15720,7860,524,4454,4454,1572,1441,1572,4716,7860,NA,41920,13624,NA,NA,NA,NA,NA,NA,NA,NA,NA,NA,NA,NA,NA,NA,NA,NA,NA
"30eb8e75-c435-4872-90ff-2ace00421766","C4126",2882,3930,3406,3930,5502,7336,4716,7074,7860,15720,8908,524,4454,4192,1834,2358,NA,5240,NA,3406,44540,13100,15720,NA,NA,NA,NA,NA,NA,NA,NA,NA,NA,NA,NA,NA,NA,NA,NA
"1f68f943-e491-4521-92b7-4ab0d3a5a2ee","C4126",NA,NA,NA,NA,NA,NA,NA,NA,NA,NA,NA,NA,NA,NA,NA,NA,NA,NA,NA,NA,NA,NA,NA,4978,2620,3144,1834,3144,3930,1310,1572,3144,1048,1310,2620,1179,1834,3930,393
"bec76e4d-94f3-4232-a6ae-cbb7b395f6eb","C4126",NA,NA,NA,NA,NA,NA,NA,NA,NA,NA,NA,NA,NA,NA,NA,NA,NA,NA,NA,NA,NA,NA,NA,5240,2620,3144,2096,3668,3930,1572,1572,2620,1310,1310,2620,917,1965,3930,393
"3cf70a56-758a-449c-8161-cf9bb5121383","C4121",3144,3406,3406,4716,7074,7860,7860,7860,9825,17292,8384,262,4847,4716,NA,1965,NA,7074,7336,3144,41920,14410,11790,NA,NA,NA,NA,NA,NA,NA,NA,NA,NA,NA,NA,NA,NA,NA,NA
"52368262-4e08-4b53-a8f5-9539252ffd79","C4121",3144,4192,3406,4270.6,4716,8384,6288,NA,209.6,16086.8,8384,262,4716,4454,1834,1965,NA,6550,NA,3144,35370,13100,17030,NA,NA,NA,NA,NA,NA,NA,NA,NA,NA,NA,NA,NA,NA,NA,NA
"261e5aa4-04d0-4cd1-a198-a0ab8d40a2c2","C4121",2620,3930,3668,NA,NA,7336,4716,NA,9170,17030,8384,262,4847,4847,NA,NA,NA,NA,NA,3144,NA,NA,NA,5240,2620,2358,2620,2882,3406,1572,1310,2358,1048,1310,2620,1179,1834,2620,393
"752359c8-be34-44a1-8be5-1fb515a9f0b2","C4121",NA,NA,NA,NA,NA,NA,NA,NA,NA,NA,NA,NA,NA,NA,NA,NA,NA,NA,NA,NA,NA,NA,NA,5240,2096,1834,2096,3144,3930,1834,NA,2096,1048,1310,2620,1048,1965,3930,393
"e7f2f540-0d5c-41c1-ab29-9decc2422fa7","C4121",NA,NA,NA,NA,NA,NA,NA,NA,NA,NA,NA,NA,NA,NA,NA,NA,NA,NA,NA,NA,NA,NA,NA,5240,2358,2096,NA,3144,3144,1310,1310,2620,1048,1310,2620,786,1834,3930,393
"5f13eacb-5aeb-4f86-a8db-458cd21e0940","C4121",2489,3668,3144,3275,4192,3275,4454,4716,7074,14148,7860,524,4454,4454,1703,1572,1441,3930,5240,3406,26200,13886,15720,NA,NA,NA,NA,NA,NA,NA,NA,NA,NA,NA,NA,NA,NA,NA,NA
"8d2762ae-befb-4972-b93c-02865cfcdf37","C3871",NA,4192,NA,NA,NA,NA,4716,NA,7336,NA,7598,NA,4454,3930,NA,1310,NA,NA,NA,NA,34060,12838,NA,NA,NA,NA,NA,NA,NA,NA,NA,NA,NA,NA,NA,NA,NA,NA,NA
"b50822de-4cf4-4ba4-928f-c5565c024f1a","C3871",NA,NA,NA,NA,NA,NA,NA,NA,NA,NA,NA,NA,NA,NA,NA,NA,NA,NA,NA,NA,NA,NA,NA,4925.6,2096,2620,NA,2620,NA,NA,1572,2567.6,NA,NA,NA,917,NA,NA,NA
"e90c4e1f-c33b-4b65-ac23-e8fe450081ef","C3871",NA,4061,NA,NA,NA,7336,4716,NA,7336,NA,7598,NA,4454,3930,NA,1310,NA,NA,NA,3930,34060,12838,NA,NA,NA,NA,NA,NA,NA,NA,NA,NA,NA,NA,NA,NA,NA,NA,NA
"66f7a3f9-6026-47cf-8858-94dcb223206e","C3871",NA,4192,NA,NA,NA,NA,4716,NA,7598,11790,NA,NA,4454,3930,NA,1310,NA,NA,NA,3668,32750,12838,NA,NA,NA,NA,NA,NA,NA,NA,NA,NA,NA,NA,NA,NA,NA,NA,NA
"3750d699-a96a-42ef-9a56-10a1c040c7bc","C3871",NA,NA,NA,NA,NA,NA,NA,NA,NA,NA,NA,NA,NA,NA,NA,NA,NA,NA,NA,NA,NA,NA,NA,4978,2620,2751,NA,2358,NA,NA,1572,2358,NA,NA,NA,1572,NA,NA,NA
"16338794-33af-4ad5-a79a-5f4e58bb4c6b","C3871",NA,3930,NA,NA,NA,NA,4716,NA,7336,NA,7598,524,4454,3668,NA,1048,NA,NA,NA,NA,28820,12576,NA,NA,NA,NA,NA,NA,NA,NA,NA,NA,NA,NA,NA,NA,NA,NA,NA
"906b39d6-e314-4154-9a52-0939ad7c498a","C4126",72750,70325,67900,58200,92150,130950,97000,116400,160050,266750,155200,21825,82450,72750,31525,31525,29100,116400,NA,63050,606250,242500,315250,NA,NA,NA,NA,NA,NA,NA,NA,NA,NA,NA,NA,NA,NA,NA,NA
"c76b1765-ffc3-4463-855d-6d602b44e473","C4126",3144,3799,3930,3406,4716,5502,4716,7074,8122,13100,7860,1048,4585,3406,1572,2358,1834,5764,7860,3144,41920,12576,17816,NA,NA,NA,NA,NA,NA,NA,NA,NA,NA,NA,NA,NA,NA,NA,NA
"997c2428-e8db-4139-abc5-aa9dea8a8a27","C4126",3668,4716,4454,3930,NA,NA,5240,NA,8384,14410,7860,786,4454,4192,1572,1310,NA,5240,NA,3144,45850,13100,17030,NA,NA,NA,NA,NA,NA,NA,NA,NA,NA,NA,NA,NA,NA,NA,NA
"62f92bd6-b381-485c-9afd-9749e9252e1b","C4126",2882,3930,3406,3668,NA,7336,4454,NA,7860,13100,7860,NA,4585,3144,3144,1834,NA,6026,7860,3144,41920,13100,23580,NA,NA,NA,NA,NA,NA,NA,NA,NA,NA,NA,NA,NA,NA,NA,NA
"2939f730-9e1d-4b77-8c51-8018c7edeb46","C4126",2882,3668,3013,3930,NA,2882,4454,NA,7860,14410,7860,786,4454,4192,1572,1572,NA,3930,4454,2882,41920,12576,15720,NA,NA,NA,NA,NA,NA,NA,NA,NA,NA,NA,NA,NA,NA,NA,NA
"3d14129e-5b3c-4820-a9c2-ac85973566b7","C4126",NA,NA,NA,NA,NA,NA,NA,NA,NA,NA,NA,NA,NA,NA,NA,NA,NA,NA,NA,NA,NA,NA,NA,4847,2620,2620,2620,3144,3930,1310,NA,2620,1310,1048,NA,1179,1834,2620,NA
"3747c8c3-512b-4eed-9fa8-9162bcf8f6ec","C3871",NA,NA,NA,NA,NA,NA,NA,NA,NA,NA,NA,NA,NA,NA,NA,NA,NA,NA,NA,NA,NA,NA,NA,5240,1965,2620,NA,3406,NA,1048,1572,2620,NA,NA,NA,1048,1703,NA,393
"9cbd9fc3-b2be-48ca-8f88-a5e440e9aaf2","C3871",2620,3668,NA,NA,NA,6550,4454,6550,7860,NA,8384,NA,NA,NA,1310,2882,NA,5240,7860,NA,NA,NA,NA,NA,NA,NA,NA,NA,NA,NA,NA,NA,NA,NA,NA,NA,NA,NA,NA
"3a5b0f1b-8527-46a1-80b2-1a07d76612bd","C3871",2882,3668,3144,NA,6288,3930,NA,NA,NA,NA,8384,NA,NA,2358,NA,NA,NA,9956,8908,NA,NA,13100,14672,NA,NA,NA,NA,NA,NA,NA,NA,NA,NA,NA,NA,NA,NA,NA,NA
"619f8b72-2ef6-4a8a-a09f-2d49d56c455d","C3871",NA,3668,4192,NA,NA,6550,NA,NA,7598,NA,8384,NA,4454,2358,NA,1572,NA,NA,NA,NA,39300,12052,NA,NA,NA,NA,NA,NA,NA,NA,NA,NA,NA,NA,NA,NA,NA,NA,NA
"670c388a-2493-46a6-9204-d691580654f8","C3871",2620,3537,3144,4192,4192,3144,4192,5764,NA,14410,7860,NA,4454,2358,1834,NA,NA,NA,7860,NA,41920,13100,NA,NA,NA,NA,NA,NA,NA,NA,NA,NA,NA,NA,NA,NA,NA,NA,NA
"bf20619b-e4b8-4c29-956e-32e3fdbbe365","C3947",NA,NA,NA,NA,NA,NA,NA,NA,NA,NA,NA,NA,NA,NA,NA,NA,NA,NA,NA,NA,NA,NA,NA,NA,2096,3144,NA,3406,3144,1048,NA,2620,917,1310,NA,917,NA,NA,524
"72b6740f-8590-47fd-a2d6-5122177efe2f","C3947",3144,3930,3144,3930,3144,3144,4192,5764,9170,NA,7860,655,4454,NA,NA,1703,NA,4585,7860,3275,35370,15720,NA,NA,NA,NA,NA,NA,NA,NA,NA,NA,NA,NA,NA,NA,NA,NA,NA
"88a49027-a8ad-43c7-8507-2eaef7ef71fe","C3947",3144,3930,3406,3406,NA,3930,5240,7860,6550,15720,8122,524,4585,3903.8,1834,1834,NA,5240,NA,3406,45850,15720,NA,NA,NA,NA,NA,NA,NA,NA,NA,NA,NA,NA,NA,NA,NA,NA,NA
"ba4e1084-a18c-4ffc-9ee1-b1e40cf0d4e7","C3947",NA,NA,NA,NA,NA,NA,NA,NA,NA,NA,NA,NA,NA,NA,NA,NA,NA,NA,NA,NA,NA,NA,NA,NA,1965,2620,NA,2620,NA,2620,917,2620,655,1965,1310,917,1572,3930,262
"0d61ca9a-12ee-443f-b39b-550016af4024","C3947",NA,4192,3668,4585,NA,NA,5764,7074,8384,15720,8384,524,4716,3903.8,1834,1572,NA,4585,7860,3406,45850,15720,NA,NA,NA,NA,NA,NA,NA,NA,NA,NA,NA,NA,NA,NA,NA,NA,NA
"7a9fad1a-b991-43c9-aa61-1a0d5be014eb","C3947",NA,3930,NA,3930,NA,NA,NA,NA,11135,NA,8122,NA,4585,3930,1965,1965,2096,4585,NA,NA,41920,13100,NA,NA,NA,NA,NA,NA,NA,NA,NA,NA,NA,NA,NA,NA,NA,NA,NA
"2b22bf92-fcb9-4fb0-805b-6122dd367081","C3947",NA,4192,NA,4454,3668,7336,4716,7336,8384,8122,NA,262,4585,2620,1572,1572,NA,NA,NA,2620,41134,13624,NA,NA,NA,NA,NA,NA,NA,NA,NA,NA,NA,NA,NA,NA,NA,NA,NA
"7669fdbe-444a-4582-a3b7-393ca2988cfc","C3947",3668,3930,3144,4716,3930,2620,4192,6550,7860,14410,8384,262,4716,2620,1834,2096,1310,4716,7860,2882,39300,14410,NA,NA,NA,NA,NA,NA,NA,NA,NA,NA,NA,NA,NA,NA,NA,NA,NA
"027c999f-af1e-4a62-b8e5-e7beb7964021","C3947",2620,3144,3144,3668,3144,4716,4847,7074,7860,13100,7860,262,4454,23580,1572,1572,1310,4454,7860,NA,39300,12576,NA,NA,NA,NA,NA,NA,NA,NA,NA,NA,NA,NA,NA,NA,NA,NA,NA
"5feed9e0-0dc1-455d-8304-ee038bcca228","C3947",2620,3930,3406,3668,3930,3406,4454,7336,7860,13100,7860,262,4454,2358,1834,1572,1310,5240,8384,2620,44540,13100,17030,NA,NA,NA,NA,NA,NA,NA,NA,NA,NA,NA,NA,NA,NA,NA,NA
"9b229505-a9e0-444f-93b8-fcffeb9acd43","C3947",NA,NA,NA,NA,NA,NA,NA,NA,NA,NA,NA,NA,NA,NA,NA,NA,NA,NA,NA,NA,NA,NA,NA,5240,2620,2096,2620,3406,4716,1572,1179,2882,1310,1572,2358,1179,2096,3144,524
"42135488-c112-428a-acaa-829eb2e92e6c","C3947",NA,NA,NA,NA,NA,NA,NA,NA,NA,NA,NA,NA,NA,NA,NA,NA,NA,NA,NA,NA,NA,NA,NA,4716,2358,1834,NA,3144,4454,1572,1048,2358,1310,1834,1703,1048,1572,2620,262
"777d11de-c96e-4e37-bd5b-ddbac50bfad0","C3871",NA,3930,3668,NA,NA,6288,NA,NA,3930,NA,9694,NA,4716,NA,NA,2096,NA,NA,NA,NA,36680,14410,NA,NA,NA,NA,NA,NA,NA,NA,NA,NA,NA,NA,NA,NA,NA,NA,NA
"d62743e0-8338-4d40-9645-0843e9a4dd02","C3871",NA,4192,3668,NA,NA,NA,NA,NA,3668,NA,9694,NA,4716,3668,NA,2096,NA,5764,NA,NA,36156,NA,NA,NA,NA,NA,NA,NA,NA,NA,NA,NA,NA,NA,NA,NA,NA,NA,NA
"d8301666-e6e0-4521-b37d-fdbe38c96aaa","C3871",NA,4192,3930,NA,NA,6288,4716,3930,3668,NA,9956,NA,4716,NA,NA,2096,NA,6026,NA,NA,36680,13100,NA,NA,NA,NA,NA,NA,NA,NA,NA,NA,NA,NA,NA,NA,NA,NA,NA
"ec078a82-cba8-46e1-a811-0ff9d9780c4a","C3871",NA,3930,3668,NA,NA,NA,NA,NA,NA,NA,10218,NA,4716,NA,NA,2096,NA,6026,NA,NA,36680,13886,NA,NA,NA,NA,NA,NA,NA,NA,NA,NA,NA,NA,NA,NA,NA,NA,NA
"52c17f52-3bea-4832-94b9-aaedb7095303","C3871",NA,3930,3930,NA,NA,6288,NA,NA,4192,NA,9956,NA,4716,NA,NA,2358,NA,5764,NA,3144,36156,14410,NA,NA,NA,NA,NA,NA,NA,NA,NA,NA,NA,NA,NA,NA,NA,NA,NA
"bca5a065-d468-44f1-9ce9-978aafe1b9ac","C4121",NA,NA,NA,NA,NA,NA,NA,NA,NA,NA,NA,NA,NA,NA,NA,NA,NA,NA,NA,NA,NA,NA,NA,5240,2620,2620,NA,3144,3406,1310,1310,2489,1048,1310,2358,917,1834,3930,393
"738d1f02-63f6-4171-81b7-2263acab492c","C4121",3668,5240,2882,1965,NA,NA,NA,NA,6550,NA,NA,131,4716,NA,NA,2096,NA,NA,NA,NA,37990,NA,NA,NA,NA,NA,NA,NA,NA,NA,NA,NA,NA,NA,NA,NA,NA,NA,NA
"a88615cc-40df-404a-b48f-06e9fd17e5c2","C4126",3144,4716,3668,3930,NA,NA,4323,6550,8384,14410,8122,917,4454,4192,1572,1310,1572,5895,7860,NA,44540,12576,NA,NA,NA,NA,NA,NA,NA,NA,NA,NA,NA,NA,NA,NA,NA,NA,NA
"f8ca293a-680c-428b-9be1-00048462d80b","C4126",NA,3930,3406,3144,4454,NA,4454,6550,8384,14410,7860,917,4454,4454,NA,1572,NA,6026,NA,3406,41920,13100,NA,NA,NA,NA,NA,NA,NA,NA,NA,NA,NA,NA,NA,NA,NA,NA,NA
"af4f90d4-c210-4ad4-83e3-47303fe83e49","C4126",3013,3930,3537,3144,5240,7074,4716,6288,9170,13100,8384,524,4454,3930,1572,1965,NA,6157,8384,3406,32750,12576,15720,NA,NA,NA,NA,NA,NA,NA,NA,NA,NA,NA,NA,NA,NA,NA,NA
"05156d6c-ccb7-4009-851a-20174f0d5183","C4126",NA,NA,NA,NA,NA,NA,NA,NA,NA,NA,NA,NA,NA,NA,NA,NA,NA,NA,NA,NA,NA,NA,NA,NA,1703,2358,NA,2096,NA,1048,1179,2882,786,1179,1834,1048,1834,NA,262
"8dc06bf9-15ef-408d-a486-08a832e20db5","C3871",NA,4192,3930,NA,NA,NA,NA,NA,NA,NA,9694,NA,4716,NA,NA,2358,NA,NA,NA,3144,36156,13886,NA,NA,NA,NA,NA,NA,NA,NA,NA,NA,NA,NA,NA,NA,NA,NA,NA
"ed8d4823-a0e1-42fb-b6b0-6b77882866d7","C3871",NA,3930,NA,NA,NA,NA,4978,3930,NA,NA,9956,NA,4716,3668,NA,2096,NA,NA,NA,NA,36680,NA,NA,NA,NA,NA,NA,NA,NA,NA,NA,NA,NA,NA,NA,NA,NA,NA,NA
"3b253304-3b6a-4684-9387-47b55dbd1773","C3871",NA,3930,3668,NA,NA,NA,NA,NA,3930,NA,9956,NA,4716,NA,NA,2096,NA,NA,NA,NA,36680,NA,NA,NA,NA,NA,NA,NA,NA,NA,NA,NA,NA,NA,NA,NA,NA,NA,NA
"697d0a9c-fcc9-43e5-9b74-eb0f45fa0fec","C3871",NA,NA,NA,NA,NA,NA,NA,NA,NA,NA,NA,NA,NA,NA,NA,NA,NA,NA,NA,NA,NA,NA,NA,4192,2620,2882,NA,NA,1572,NA,NA,2620,NA,1572,NA,NA,1834,NA,786
"66f08b32-d84f-4949-9142-e5cd0feebe28","C3871",NA,4192,3668,NA,NA,6550,NA,NA,3668,NA,9694,NA,4716,NA,NA,2096,NA,NA,NA,NA,36680,14410,NA,NA,NA,NA,NA,NA,NA,NA,NA,NA,NA,NA,NA,NA,NA,NA,NA
"31c64d3f-9f5d-4f6e-aa95-ffb0760b23da","C3871",NA,4454,NA,NA,NA,NA,4716,NA,7598,NA,7598,NA,4454,NA,NA,1310,NA,NA,NA,NA,32750,12576,NA,NA,NA,NA,NA,NA,NA,NA,NA,NA,NA,NA,NA,NA,NA,NA,NA
"639cc837-4a8b-4d23-8bc5-743c0906e979","C3871",NA,4716,NA,NA,NA,NA,4454,NA,7598,NA,7598,NA,4454,3930,NA,1179,NA,NA,NA,3668,NA,12838,NA,NA,NA,NA,NA,NA,NA,NA,NA,NA,NA,NA,NA,NA,NA,NA,NA
"ad2591a7-736b-4cad-acbd-0c30b411dd12","C3871",NA,4716,NA,NA,NA,6550,4716,NA,7336,NA,7598,NA,4454,3930,2096,NA,NA,NA,NA,NA,32750,12838,NA,NA,NA,NA,NA,NA,NA,NA,NA,NA,NA,NA,NA,NA,NA,NA,NA
"e5a53135-3dcd-4db4-b8b2-5f14addd1577","C3871",NA,4716,NA,NA,NA,NA,4978,NA,7598,NA,7598,NA,4454,3668,NA,1310,NA,NA,NA,NA,NA,NA,NA,NA,NA,NA,NA,NA,NA,NA,NA,NA,NA,NA,NA,NA,NA,NA,NA
"6070a92a-ab05-4a3e-bf14-973771a37587","C3871",NA,NA,NA,NA,NA,NA,NA,NA,NA,NA,NA,NA,NA,NA,NA,NA,NA,NA,NA,NA,NA,NA,NA,4716,2882,2620,NA,NA,NA,NA,1834,3144,NA,NA,NA,1572,NA,NA,NA
"e7d8e12b-4aed-4054-8953-499d8eda547c","C3871",NA,NA,NA,NA,NA,NA,NA,NA,NA,NA,NA,NA,NA,NA,NA,NA,NA,NA,NA,NA,NA,NA,NA,4716,2882,2620,NA,NA,NA,NA,2096,2882,NA,NA,NA,1834,1310,NA,NA
"787e2c8d-bf70-4482-a844-f8d153e85db5","C3947",3537,3930,3406,3668,5240,6550,5240,7860,6550,15720,8122,524,4454,3903.8,1834,1834,2620,5240,7860,3144,41920,15720,NA,NA,NA,NA,NA,NA,NA,NA,NA,NA,NA,NA,NA,NA,NA,NA,NA
"5a55d411-1ff1-43d8-8a46-8f20b669104a","C3947",NA,3668,3930,3930,NA,7336,6550,6550,7860,NA,8122,1310,4585,4323,1703,1310,NA,4716,9170,3406,40610,13755,11790,NA,NA,NA,NA,NA,NA,NA,NA,NA,NA,NA,NA,NA,NA,NA,NA
"eec33410-8445-4184-af0b-b5cc982911f9","C3947",NA,3930,NA,3668,NA,3930,4454,NA,7860,NA,8122,NA,4716,3903.8,1834,1965,NA,5240,7860,3144,31440,13755,NA,NA,NA,NA,NA,NA,NA,NA,NA,NA,NA,NA,NA,NA,NA,NA,NA
"62425107-17a7-4f68-8c3d-81cf2f55b4fa","C3947",3144,4192,3799,3930,NA,8122,6288,5764,NA,NA,8384,524,4585,4716,1572,1572,NA,4978,9170,3406,44540,15720,18864,NA,NA,NA,NA,NA,NA,NA,NA,NA,NA,NA,NA,NA,NA,NA,NA
"ff995e3e-eb3a-476a-9c72-0bd040f3a1f6","C3947",4454,3930,3406,3668,NA,7336,5240,NA,7860,NA,8122,524,4454,3484.6,1834,1965,NA,4716,9170,3144,41920,13755,NA,NA,NA,NA,NA,NA,NA,NA,NA,NA,NA,NA,NA,NA,NA,NA,NA
"4fa1b4d6-5e63-49a1-8060-5f73414fef6a","C4126",2620,3930,3406,3930,5764,7074,4716,5764,7860,15720,8384,524,4454,4454,1834,1834,1572,5240,7860,3668,43230,13100,15720,NA,NA,NA,NA,NA,NA,NA,NA,NA,NA,NA,NA,NA,NA,NA,NA
"37b6dd20-24e4-43b2-b148-ef5f2deb805a","C4126",NA,NA,NA,NA,NA,NA,NA,NA,NA,NA,NA,NA,NA,NA,NA,NA,NA,NA,NA,NA,NA,NA,NA,5240,2620,3144,1834,3144,3930,1310,1572,2620,1048,1310,2358,917,1834,3930,393
"d300d66d-d237-469c-8d92-2209592d2523","C4126",NA,NA,NA,NA,NA,NA,NA,NA,NA,NA,NA,NA,NA,NA,NA,NA,NA,NA,NA,NA,NA,NA,NA,5240,2620,3144,1834,3144,3930,1310,1572,2620,1048,1310,2358,917,1834,3406,393
"cc6dbcb9-f0ec-4d42-8f9b-cb7c90529aef","C4126",NA,NA,NA,NA,NA,NA,NA,NA,NA,NA,NA,NA,NA,NA,NA,NA,NA,NA,NA,NA,NA,NA,NA,5240,2620,3144,1834,3144,3930,1048,1572,2620,1048,1310,2358,1048,1834,3930,393
"598b8e2a-9298-4443-b6cf-f0120de20e75","C4126",2358,3406,2882,1310,NA,6288,4192,6026,7074,15720,7860,524,4454,4192,1572,1572,1572,5240,6943,3406,41920,13100,15720,NA,NA,NA,NA,NA,NA,NA,NA,NA,NA,NA,NA,NA,NA,NA,NA
"0537adbf-8292-444d-a69f-b8fad73bf0a4","C3871",2751,4192,3275,NA,4454,3406,4192,5764,NA,NA,8384,NA,4454,2620,1834,NA,NA,NA,7860,NA,39300,13100,NA,NA,NA,NA,NA,NA,NA,NA,NA,NA,NA,NA,NA,NA,NA,NA,NA
"192c61f6-bdeb-46f1-b92c-02dea04d7d6d","C3871",2882,4192,NA,NA,NA,3144,4454,NA,8384,NA,8646,NA,4454,2882,1834,1572,NA,NA,7860,NA,40610,13100,NA,NA,NA,NA,NA,NA,NA,NA,NA,NA,NA,NA,NA,NA,NA,NA,NA
"30be2883-02fe-4b08-bd15-9efa167c7f41","C3871",2882,4192,NA,NA,NA,3406,4454,NA,7860,14410,8646,NA,4454,3144,2096,NA,NA,NA,7860,3144,40610,13100,NA,NA,NA,NA,NA,NA,NA,NA,NA,NA,NA,NA,NA,NA,NA,NA,NA
"ea18a953-0ad2-4df3-b117-a7ee2bb6021a","C3871",NA,NA,NA,NA,NA,NA,NA,NA,NA,NA,NA,NA,NA,NA,NA,NA,NA,NA,NA,NA,NA,NA,NA,4978,2358,2358,NA,3013,NA,1048,NA,2489,1048,917,NA,1048,1703,NA,393
"d8d87fa2-7e48-41e9-8dee-c3d536c1518d","C3871",2882,3930,3144,4454,NA,3144,4192,NA,7860,NA,8384,NA,4454,2358,1834,1572,NA,NA,7860,3144,39300,13100,NA,NA,NA,NA,NA,NA,NA,NA,NA,NA,NA,NA,NA,NA,NA,NA,NA
"fb415cbb-b281-4ba2-9281-62efa5eed2c0","C4126",3144,3668,3668,2960.6,NA,4454,5240,6550,8646,13100,8646,786,4585,4978,1703,1834,NA,NA,NA,3144,44540,NA,NA,NA,NA,NA,NA,NA,NA,NA,NA,NA,NA,NA,NA,NA,NA,NA,NA
"e4445490-6e25-4166-82ea-38aa3ddf9d1a","C4126",NA,4061,3537,3615.6,NA,5764,4716,NA,7362.2,NA,8384,NA,4585,4585,NA,1834,NA,NA,8122,NA,41920,13100,NA,NA,NA,NA,NA,NA,NA,NA,NA,NA,NA,NA,NA,NA,NA,NA,NA
"d2c2e7d7-f28e-48c2-8521-5c653341f8b9","C4126",2620,3930,3537,3930,NA,7074,4585,7336,8646,13624,8646,655,4585,4323,1441,1572,NA,6288,5240,3144,44540,1048,NA,NA,NA,NA,NA,NA,NA,NA,NA,NA,NA,NA,NA,NA,NA,NA,NA
"d99b39da-3665-469c-933e-6d48b69c7560","C4126",3144,3668,3144,4585,NA,6550,4454,NA,7545.6,17030,8122,NA,4585,2882,1572,1834,NA,6026,NA,NA,32750,13100,NA,NA,NA,NA,NA,NA,NA,NA,NA,NA,NA,NA,NA,NA,NA,NA,NA
"ef0d0ed5-8ca8-428c-b768-39503befd9ae","C3947",3144,4192,3930,4716,4454,5240,4716,7860,7860,NA,7860,393,4716,2620,1834,2096,1572,4716,7860,3144,45850,14410,NA,NA,NA,NA,NA,NA,NA,NA,NA,NA,NA,NA,NA,NA,NA,NA,NA
"4b9e54e6-3391-4133-8867-7a2a4f71b308","C3947",3144,3930,3930,3144,3930,3930,5240,7336,7860,13100,7860,262,4454,2620,1834,1834,1310,4585,7860,NA,44016,13100,NA,NA,NA,NA,NA,NA,NA,NA,NA,NA,NA,NA,NA,NA,NA,NA,NA
"61cf8c06-7539-4e98-84c7-fee6638d83ad","C3947",NA,NA,NA,NA,NA,NA,NA,NA,NA,NA,NA,NA,NA,NA,NA,NA,NA,NA,NA,NA,NA,NA,NA,5240,2620,1834,2620,3144,3930,1310,1048,2620,1048,NA,1572,1310,2096,3406,524
"57b05afd-4a2e-455d-a969-034bd610af5a","C3947",NA,NA,NA,NA,NA,NA,NA,NA,NA,NA,NA,NA,NA,NA,NA,NA,NA,NA,NA,NA,NA,NA,NA,4716,2620,2096,2358,2620,4192,1310,1179,2358,1310,1703,1834,1179,1834,2620,524
"eec79428-cfe8-4249-9865-0d94f2299bba","C3947",3144,4192,3930,3930,NA,NA,4716,7860,8384,13100,7860,262,4716,2620,1834,1310,1572,4454,NA,2620,45850,13624,NA,NA,NA,NA,NA,NA,NA,NA,NA,NA,NA,NA,NA,NA,NA,NA,NA
"0c846076-7098-496a-af4b-557c55882bb0","C3947",NA,3930,3144,3746.6,NA,4454,4716,NA,8724.6,NA,7860,524,4716,NA,2620,NA,NA,NA,NA,3406,NA,NA,NA,NA,1965,3406,NA,3144,NA,1048,NA,2620,917,1310,2096,1310,1965,3668,393
"1dde217f-677b-4fec-9e39-1623b916fb57","C3947",2620,3668,2620,3668,3930,5240,4192,5240,9170,14410,8122,262,4454,3668,NA,1703,1834,5240,5240,2882,44540,12576,NA,NA,NA,NA,NA,NA,NA,NA,NA,NA,NA,NA,NA,NA,NA,NA,NA
"993588aa-f502-4fb2-9a44-5a55456a4e10","C3947",NA,3930,NA,3144,NA,NA,3930,NA,8069.6,NA,8384,393,4454,3930,NA,1834,NA,NA,NA,NA,44540,13755,NA,NA,NA,NA,NA,NA,NA,NA,NA,NA,NA,NA,NA,NA,NA,NA,NA
"cbdb1b74-93e5-49f5-a398-cad56575d8c5","C3947",2882,3930,3144,3668,2620,7074,5764,7860,6785.8,NA,8122,393,4454,3930,NA,1703,2620,3930,NA,3013,34060,12576,NA,NA,NA,NA,NA,NA,NA,NA,NA,NA,NA,NA,NA,NA,NA,NA,NA
"b9b0adcd-844f-4722-bb47-08e237d948c9","C3947",NA,NA,NA,NA,NA,NA,NA,NA,NA,NA,NA,NA,NA,NA,NA,NA,NA,NA,NA,NA,NA,NA,NA,NA,2096,3144,NA,2096,NA,NA,NA,2358,NA,1048,1310,917,1703,NA,393
"5d3b6707-38b1-4c26-ae54-358fff685fa9","C3871",2882,3406,3144,3799,NA,3144,4192,5764,7860,NA,8646,NA,4454,2358,1834,1441,NA,NA,7860,3144,39300,13100,NA,NA,NA,NA,NA,NA,NA,NA,NA,NA,NA,NA,NA,NA,NA,NA,NA
"5d6c9baa-afe0-4a55-b6ff-2ae28f8bac4e","C3871",2751,3668,3275,3930,NA,3275,4192,NA,7860,NA,8646,NA,4454,2620,1834,1441,NA,NA,7860,3144,39300,13100,NA,NA,NA,NA,NA,NA,NA,NA,NA,NA,NA,NA,NA,NA,NA,NA,NA
"296b8957-f055-46a5-a84b-f85642bf5a83","C3871",2882,3668,3144,3930,NA,3144,4454,NA,7860,NA,8646,NA,4454,2620,NA,1441,NA,5240,NA,3144,39300,13100,NA,NA,NA,NA,NA,NA,NA,NA,NA,NA,NA,NA,NA,NA,NA,NA,NA
"fcaf655c-fadd-44cf-92b2-21d76d2c0c46","C3871",NA,3668,3406,3668,NA,3144,4454,NA,7860,NA,8646,NA,4454,2620,NA,1441,NA,5240,NA,3144,38776,13100,NA,NA,NA,NA,NA,NA,NA,NA,NA,NA,NA,NA,NA,NA,NA,NA,NA
"e54c6996-f710-4133-8047-8a2d7d69eeec","C3871",NA,NA,NA,NA,NA,NA,NA,NA,NA,NA,NA,NA,NA,NA,NA,NA,NA,NA,NA,NA,NA,NA,NA,NA,2358,3144,NA,3144,NA,1048,1179,2620,1179,NA,1834,1048,NA,NA,393
"7434ec99-3ac4-4d18-96d3-1ae466c0a171","C4126",2620,3930,3406,3930,NA,6812,4716,NA,7860,15720,7860,NA,4454,4454,1572,1834,1310,5240,7860,3406,43230,13100,NA,NA,NA,NA,NA,NA,NA,NA,NA,NA,NA,NA,NA,NA,NA,NA,NA
"d0bcaf33-8822-4d70-b4f8-4261faad22f9","C4126",NA,NA,NA,NA,NA,NA,NA,NA,NA,NA,NA,NA,NA,NA,NA,NA,NA,NA,NA,NA,NA,NA,NA,5240,2620,3144,1834,3144,3930,1048,1572,2620,1048,1310,2358,917,1834,3930,393
"3cfcb16f-b0d9-4e6b-8fb0-d6529fbe3655","C4126",2620,3930,3406,3930,NA,7336,4716,NA,NA,15720,8384,NA,4454,4454,NA,2358,NA,5240,7860,3406,43230,13100,NA,NA,NA,NA,NA,NA,NA,NA,NA,NA,NA,NA,NA,NA,NA,NA,NA
"f0fb4425-d2bd-4472-8afd-0948917a741f","C4126",NA,72750,63050,72750,NA,135800,87300,111550,130950,291000,155200,9700,82450,82450,NA,33950,29100,97000,145500,NA,824500,242500,NA,NA,NA,NA,NA,NA,NA,NA,NA,NA,NA,NA,NA,NA,NA,NA,NA
"b18bbe87-6f3a-45cf-938e-ada1cb7a5865","C4126",NA,NA,NA,NA,NA,NA,NA,NA,NA,NA,NA,NA,NA,NA,NA,NA,NA,NA,NA,NA,NA,NA,NA,5240,2358,3144,1834,3144,3930,1048,1572,2620,1048,1310,2096,917,1834,3144,393
"b8c6a6a8-f826-43c3-b178-f7da5cec3e58","C4121",NA,3668,3406,4585,NA,6550,4454,7336,8646,13100,8122,786,4585,4323,1834,1965,NA,4716,NA,3144,48470,14410,NA,NA,NA,NA,NA,NA,NA,NA,NA,NA,NA,NA,NA,NA,NA,NA,NA
"1e2c743f-aaeb-41bf-8e54-73538f059908","C4121",2620,3930,3406,3930,3930,7074,4847,NA,9170,16506,9170,524,4716,2882,1703,NA,NA,5240,9170,3668,28820,13100,NA,NA,NA,NA,NA,NA,NA,NA,NA,NA,NA,NA,NA,NA,NA,NA,NA
"a84f1346-aa37-46eb-9e81-add9e046191a","C4121",3144,3930,3930,4585,4716,7336,4716,7860,8148.2,15720,9170,655,4716,4192,2620,1572,NA,6288,8384,3144,32750,14410,15720,NA,NA,NA,NA,NA,NA,NA,NA,NA,NA,NA,NA,NA,NA,NA,NA
"9cc56b4f-598c-444d-a537-ed908e13bd8f","C4121",3668,3930,3537,3930,NA,7860,4978,6550,7860,17816,8908,655,4716,4716,1572,1179,NA,6550,8384,3275,44540,12838,15720,NA,NA,NA,NA,NA,NA,NA,NA,NA,NA,NA,NA,NA,NA,NA,NA
"10e98a94-dced-432a-accc-c30b297bb495","C4121",3013,3668,3144,3930,4978,7074,4585,6026,8384,17030,7860,524,4454,3930,1572,1310,NA,6026,8122,3144,30130,13100,15196,NA,NA,NA,NA,NA,NA,NA,NA,NA,NA,NA,NA,NA,NA,NA,NA
"82e0376c-d7f5-4157-814c-df9b0761c94f","C4121",2358,3275,3013,2096,3406,6812,4323,NA,7336,13100,7860,393,4323,3406,1572,1703,NA,3668,7336,3144,28820,12314,14410,NA,NA,NA,NA,NA,NA,NA,NA,NA,NA,NA,NA,NA,NA,NA,NA
"1e9dc2c5-dd43-4d5a-9acf-6568eb79bee3","C3871",NA,3930,3930,3144,NA,6288,NA,NA,3668,NA,9956,NA,4716,NA,NA,NA,NA,5502,NA,NA,35370,NA,NA,NA,NA,NA,NA,NA,NA,NA,NA,NA,NA,NA,NA,NA,NA,NA,NA
"31aadbf1-fbe7-4dfd-a6ff-df33f32830e1","C3871",NA,4454,3930,NA,NA,NA,NA,NA,3930,NA,10218,NA,4716,3406,NA,2358,NA,NA,NA,NA,36680,NA,NA,NA,NA,NA,NA,NA,NA,NA,NA,NA,NA,NA,NA,NA,NA,NA,NA
"8850a21e-8fa9-4ccf-8604-feb4747f39d5","C3871",NA,4192,3668,NA,NA,NA,NA,NA,NA,NA,9956,NA,4716,3406,NA,2096,NA,5764,NA,NA,36680,14410,NA,NA,NA,NA,NA,NA,NA,NA,NA,NA,NA,NA,NA,NA,NA,NA,NA
"47aa5c4e-b45e-44ec-8fda-cfee038c0c80","C3871",NA,3930,NA,NA,NA,6550,NA,NA,NA,NA,9694,NA,4716,3406,NA,2096,NA,5764,NA,NA,36680,NA,NA,NA,NA,NA,NA,NA,NA,NA,NA,NA,NA,NA,NA,NA,NA,NA,NA
"6a71ae32-d303-4881-af46-368f9b1d9079","C3871",NA,4192,3668,NA,NA,NA,NA,NA,NA,NA,9956,NA,4716,NA,NA,2096,NA,NA,NA,NA,36680,14148,NA,NA,NA,NA,NA,NA,NA,NA,NA,NA,NA,NA,NA,NA,NA,NA,NA
"5a224762-270a-45aa-b380-38f7f79ab679","C3871",NA,4716,NA,NA,NA,NA,4978,NA,7598,NA,7860,NA,4454,3668,NA,1310,NA,NA,NA,NA,NA,13100,NA,NA,NA,NA,NA,NA,NA,NA,NA,NA,NA,NA,NA,NA,NA,NA,NA
"6bccf87d-d71a-4dbb-9fee-0ebca65cd1d3","C3871",NA,4716,NA,NA,NA,NA,4454,NA,7598,NA,7860,NA,4454,3930,NA,1310,NA,NA,NA,NA,NA,NA,NA,NA,NA,NA,NA,NA,NA,NA,NA,NA,NA,NA,NA,NA,NA,NA,NA
"69f6b36d-53b4-455a-9d39-34f12f6662bd","C3871",NA,4716,NA,NA,NA,NA,4454,NA,NA,NA,7598,NA,4716,3668,NA,1310,NA,NA,NA,NA,NA,13100,NA,NA,NA,NA,NA,NA,NA,NA,NA,NA,NA,NA,NA,NA,NA,NA,NA
"1a3f87bf-35cd-40c6-abf4-64f1a1d539ad","C3871",NA,NA,NA,NA,NA,NA,NA,NA,NA,NA,NA,NA,NA,NA,NA,NA,NA,NA,NA,NA,NA,NA,NA,4978,2882,2620,NA,2358,NA,NA,1834,3144,NA,NA,NA,NA,NA,NA,NA
"e4550c48-1686-4449-8535-db794643f51c","C3871",NA,NA,NA,NA,NA,NA,NA,NA,NA,NA,NA,NA,NA,NA,NA,NA,NA,NA,NA,NA,NA,NA,NA,4978,2620,2620,NA,2358,NA,NA,NA,2882,NA,NA,NA,2096,NA,NA,NA
"1d94eec5-9997-4716-b3fd-87be6793367b","C3947",3144,4192,3930,4192,3930,6550,4716,7860,8384,14410,7860,262,4716,2620,1834,1310,1834,4454,7860,2620,44540,13100,NA,NA,NA,NA,NA,NA,NA,NA,NA,NA,NA,NA,NA,NA,NA,NA,NA
"044674ab-fbd7-4588-bbb9-a91e6813106c","C3947",2882,4192,3668,3930,3930,3930,4454,5240,7860,13100,7860,262,4585,2620,1834,1834,1572,4454,7860,262,41920,13100,15720,NA,NA,NA,NA,NA,NA,NA,NA,NA,NA,NA,NA,NA,NA,NA,NA
"d674cf61-ccfc-4229-8ed1-eaf4292b6313","C3947",NA,4716,NA,4192,NA,NA,4716,NA,7860,13100,7860,393,4716,2620,1834,1834,1572,4716,7860,NA,NA,13624,NA,NA,NA,NA,NA,NA,NA,NA,NA,NA,NA,NA,NA,NA,NA,NA,NA
"283eec79-d03c-4906-9571-09d3e499328f","C3947",NA,3930,4454,3930,NA,NA,4716,7074,7860,13100,7860,262,4454,2489,1834,1834,1572,4454,7860,2620,41920,NA,NA,NA,NA,NA,NA,NA,NA,NA,NA,NA,NA,NA,NA,NA,NA,NA,NA
"59f2dbf6-76ce-4184-b0ad-2e34169887f4","C3947",NA,3930,3930,4192,NA,NA,4716,7860,8384,14410,7860,262,4454,36680,1834,1310,1310,4454,NA,NA,39300,13100,NA,5502,2620,1572,NA,2620,4192,NA,NA,2620,1048,1572,NA,1310,1834,2620,NA
"0bcb3d02-5b95-42b2-8d8f-64b8eac3fced","C3871",NA,4192,NA,NA,NA,6288,NA,NA,NA,NA,9694,NA,4716,NA,NA,2096,NA,NA,NA,3144,36680,NA,NA,NA,NA,NA,NA,NA,NA,NA,NA,NA,NA,NA,NA,NA,NA,NA,NA
"ecce37c7-5b50-46b6-9c6b-b26161b2cb86","C3871",NA,3930,3930,NA,NA,6288,NA,NA,3668,NA,9694,NA,4716,3406,NA,2096,NA,NA,NA,NA,36680,14410,NA,NA,NA,NA,NA,NA,NA,NA,NA,NA,NA,NA,NA,NA,NA,NA,NA
"caa31ade-0f01-4634-ab46-d19997623099","C3871",NA,4192,3668,NA,NA,NA,NA,NA,3668,NA,9956,NA,4716,NA,NA,2096,NA,NA,NA,2882,36156,14148,NA,NA,NA,NA,NA,NA,NA,NA,NA,NA,NA,NA,NA,NA,NA,NA,NA
"1f902e1d-ab46-419b-a48c-6fea6f90758b","C3871",NA,4192,3930,NA,NA,NA,NA,NA,3668,NA,9432,NA,4716,3668,NA,2096,NA,6026,NA,NA,36680,NA,NA,NA,NA,NA,NA,NA,NA,NA,NA,NA,NA,NA,NA,NA,NA,NA,NA
"d468fe35-5a92-4699-b79a-68dde2d2a130","C3871",NA,NA,NA,NA,NA,NA,NA,NA,NA,NA,NA,NA,NA,NA,NA,NA,NA,NA,NA,NA,NA,NA,NA,4192,2620,3144,NA,2620,3668,NA,NA,2882,NA,1834,3930,1310,NA,NA,NA
"8a527b48-bb89-4383-89fe-7d7643a42709","C3871",NA,3799,3144,3406,3668,3668,3930,NA,7860,14410,8646,NA,4454,2620,NA,1572,NA,NA,NA,3668,40610,NA,13100,NA,NA,NA,NA,NA,NA,NA,NA,NA,NA,NA,NA,NA,NA,NA,NA
"ec23993b-0205-4ce1-8158-f3d56563f3d5","C3871",NA,NA,NA,NA,NA,NA,NA,NA,NA,NA,NA,NA,NA,NA,NA,NA,NA,NA,NA,NA,NA,NA,NA,5240,2620,5240,2620,3930,NA,1834,1572,2620,1179,NA,2620,NA,NA,NA,NA
"3057c792-78e1-40c9-ae4c-c4df875d45ae","C3871",NA,NA,NA,NA,NA,NA,NA,NA,NA,NA,NA,NA,NA,NA,NA,NA,NA,NA,NA,NA,NA,NA,NA,5240,2620,3144,2620,2620,NA,1965,NA,2620,NA,NA,2620,1048,NA,NA,393
"3beb2820-d47d-4d8d-b24b-87098339bb53","C3871",NA,3668,3275,3144,NA,5764,4192,NA,NA,NA,8646,NA,4323,2620,1834,1703,NA,NA,NA,NA,40610,13100,NA,NA,NA,NA,NA,NA,NA,NA,NA,NA,NA,NA,NA,NA,NA,NA,NA
"b8ac563e-4855-4d4f-8e5d-d3dc94d5a07d","C3871",NA,3668,3144,NA,NA,5764,4192,NA,7860,NA,8646,NA,4454,2620,1834,1441,NA,5240,NA,NA,40610,13100,NA,NA,NA,NA,NA,NA,NA,NA,NA,NA,NA,NA,NA,NA,NA,NA,NA
"5c87013a-9d5e-4d54-8c04-f8793b5bcd94","C4126",NA,NA,NA,NA,NA,NA,NA,NA,NA,NA,NA,NA,NA,NA,NA,NA,NA,NA,NA,NA,NA,NA,NA,5240,2358,3144,1834,3144,3930,1048,1572,2620,1048,1310,2358,1048,1834,3930,393
"22c82cc7-0434-40fe-8d94-bdc5573cb391","C4126",2620,3930,3406,3930,5764,6812,4716,5764,7860,15720,7860,NA,4454,4454,NA,1834,NA,NA,NA,3406,44540,13624,15720,5240,2620,3144,1834,3144,3930,NA,NA,2620,NA,1310,NA,NA,1834,NA,393
"a104cf8e-b2af-404d-b531-50a7be738504","C3947",3144,4192,3668,4192,NA,3144,5240,7336,7860,14410,7860,524,4454,3537,1703,1310,1703,5240,9170,3275,28820,13100,14934,NA,NA,NA,NA,NA,NA,NA,NA,NA,NA,NA,NA,NA,NA,NA,NA
"efe75d9a-2177-42b3-9221-86bfc8059865","C3947",3144,3930,3406,3668,NA,7860,5240,7860,7860,15720,8122,524,4585,4139.6,1834,1834,1834,5240,9170,3275,44540,15720,15720,NA,NA,NA,NA,NA,NA,NA,NA,NA,NA,NA,NA,NA,NA,NA,NA
"4809f3b0-e2ae-4007-b8c1-8b1e0850db17","C3947",3275,3930,3799,3930,4978,7336,NA,7860,8200.6,NA,8384,917,4716,4454,NA,1834,NA,NA,9170,3668,45850,13755,17030,NA,NA,NA,NA,NA,NA,NA,NA,NA,NA,NA,NA,NA,NA,NA,NA
"87e64de4-20d8-4619-9623-bbfdff4d202c","C3947",NA,3930,NA,NA,NA,7860,5240,NA,7860,15720,8384,NA,4585,NA,NA,2096,NA,5240,6550,3406,45850,13755,15720,NA,NA,NA,NA,NA,NA,NA,NA,NA,NA,NA,NA,NA,NA,NA,NA
"4189e29b-44be-4c28-b454-35ca30abf494","C3947",2882,3930,2882,3930,5240,6550,4454,5240,7860,14410,7860,524,4323,4192,3930,1572,3930,4585,7860,NA,41920,11790,NA,NA,NA,NA,NA,NA,NA,NA,NA,NA,NA,NA,NA,NA,NA,NA,NA
"a43fc46a-979c-4c08-85ff-3352d463b60e","C3947",3144,3930,NA,3668,NA,7860,5240,NA,7860,NA,8122,NA,4585,4139.6,2096,2096,NA,NA,NA,3144,44540,13755,NA,NA,NA,NA,NA,NA,NA,NA,NA,NA,NA,NA,NA,NA,NA,NA,NA
"503b66df-e345-417d-8379-d543870f7c7c","C3871",NA,4716,NA,NA,NA,NA,4454,NA,7598,7598,NA,NA,4454,3668,NA,1310,NA,NA,NA,NA,NA,NA,NA,NA,NA,NA,NA,NA,NA,NA,NA,NA,NA,NA,NA,NA,NA,NA,NA
"979459bc-65d9-480b-a321-2078181d18e3","C3871",NA,4716,NA,NA,NA,NA,4454,NA,7598,NA,7598,NA,4454,3930,NA,NA,NA,NA,NA,NA,34060,12838,NA,NA,NA,NA,NA,NA,NA,NA,NA,NA,NA,NA,NA,NA,NA,NA,NA
"4bbcb8d7-854c-4633-b456-9afde14596e3","C3871",NA,4454,NA,NA,NA,NA,4454,NA,7336,NA,7598,NA,4716,3668,NA,1310,NA,NA,NA,NA,NA,12838,NA,NA,NA,NA,NA,NA,NA,NA,NA,NA,NA,NA,NA,NA,NA,NA,NA
"192acad9-8b74-4eb2-87ed-06cbc37627f9","C3871",NA,NA,NA,NA,NA,NA,NA,NA,NA,NA,NA,NA,NA,NA,NA,NA,NA,NA,NA,NA,NA,NA,NA,5240,3406,2882,NA,NA,NA,NA,1572,3144,NA,NA,NA,2096,NA,NA,NA
"fcbc261f-1097-43f0-936d-5156265db790","C3871",NA,NA,NA,NA,NA,NA,NA,NA,NA,NA,NA,NA,NA,NA,NA,NA,NA,NA,NA,NA,NA,NA,NA,5240,2882,3144,NA,NA,NA,NA,1834,3406,NA,NA,NA,1834,NA,NA,NA
"1c28e22b-9ad3-4189-a0fb-394eaeace6d4","C4121",3930,4192,3930,5240,NA,7860,5240,7860,8855.6,17030,8122,524,4585,4454,1834,NA,NA,5240,9170,3144,43230,13100,20960,NA,NA,NA,NA,NA,NA,NA,NA,NA,NA,NA,NA,NA,NA,NA,NA
"e8d3c306-fc40-4c07-8d5e-cc7a4c718388","C4121",NA,NA,NA,NA,NA,NA,NA,NA,NA,NA,NA,NA,NA,NA,NA,NA,NA,NA,NA,NA,NA,NA,NA,4847,2620,3668,2227,3013,4192,1441,1441,2882,1048,1310,2096,1048,1703,2620,524
"f4239dc8-dbf9-4504-87fa-cde807467881","C4121",2620,3930,3406,3406,5240,3930,5240,5764,6550,18340,7860,982500,4716,3930,1572,1703,NA,6550,NA,NA,39300,13624,NA,NA,NA,NA,NA,NA,NA,NA,NA,NA,NA,NA,NA,NA,NA,NA,NA
"1b2dd407-baab-43cd-96d3-791093f49057","C4121",3484.6,4454,3930,3930,NA,7074,4847,7074,7860,15720,8646,655,4454,4454,1703,1310,NA,6550,8384,3275,44278,13886,17030,NA,NA,NA,NA,NA,NA,NA,NA,NA,NA,NA,NA,NA,NA,NA,NA
"03674078-5fad-4d9a-a76a-6554acc76871","C4121",2882,3930,3406,3930,NA,7336,4716,7336,8646,15720,8122,524,4454,4192,1572,NA,1310,NA,NA,3144,43230,13624,NA,NA,NA,NA,NA,NA,NA,NA,NA,NA,NA,NA,NA,NA,NA,NA,NA
"8ddc350d-823f-4ccb-9067-40e0b6240597","C3947",2620,3930,3930,3144,3930,5240,4192,7074,7860,13100,7860,262,4454,2620,1572,1310,1310,3930,7860,2620,39300,12576,NA,NA,NA,NA,NA,NA,NA,NA,NA,NA,NA,NA,NA,NA,NA,NA,NA
"9e7f2ac0-9379-47d0-ad09-f67a4df167c8","C3947",2882,4192,3668,3144,3930,4192,4454,6550,7598,13624,7598,262,4454,2620,1834,1572,NA,3930,NA,2620,39300,13100,NA,NA,NA,NA,NA,NA,NA,NA,NA,NA,NA,NA,NA,NA,NA,NA,NA
"721e4d6e-20cd-4df5-941d-c0b0cbe14f5e","C3947",NA,NA,NA,3406,NA,NA,NA,7074,8384,14410,7860,262,4323,2620,1572,1834,1310,4454,8384,NA,41920,13100,17030,NA,NA,NA,NA,NA,NA,NA,NA,NA,NA,NA,NA,NA,NA,NA,NA
"496546c6-cca2-4e70-b348-bb92ecf9ab0a","C3947",2882,4192,3406,3668,4192,5764,3930,6550,7860,13100,7336,262,4323,2358,1572,1572,1310,4192,7860,NA,39300,13100,NA,NA,NA,NA,NA,NA,NA,NA,NA,NA,NA,NA,NA,NA,NA,NA,NA
"8504c216-5469-403f-9e67-6308cb130234","C3947",2620,3930,3537,3930,NA,7074,5240,7074,9170,14410,7860,262,4454,2620,1834,1834,1572,4716,8646,NA,41920,12576,NA,NA,NA,NA,NA,NA,NA,NA,NA,NA,NA,NA,NA,NA,NA,NA,NA
"763681af-9cc9-41de-9825-f732eb926b92","C3947",2882,3799,3406,3406,NA,7074,4454,7336,8384,13100,8122,262,4454,2620,1834,1834,1572,4716,NA,2620,41920,13100,NA,NA,NA,NA,NA,NA,NA,NA,NA,NA,NA,NA,NA,NA,NA,NA,NA
